taxon	threshold	taxon_index	domain	phylum	class	n_samples	n_cores	total_reads	pct_damaged	has_kegg	genome_id	functional_group	display_category	ecological_role	signal_source	tea_primary	guild_tier	confidence_score	assignment_rule_id	kegg_state	group_completeness	modules_scored	module_completeness_detail	markers_detected	marker_gene_names	key_reference	doi	virus_role	mean_clr	sd_clr	mean_abs_clr	max_abs_clr	mean_abundance	prevalence_samples	prevalence_cores
S__3300001683_28	10	1	d__Bacteria	p__Chloroflexota	c__Dehalococcoidia	16	4	870635	100	TRUE	3300001683_28	Dehalococcoidia	Diagenetic	Diagenetic_acetogen	diagenetic_in_situ	CO2	Tier1_taxonomy_conserved	0.85	GTDB_ACETO_DIAG	""		""	""	""	acsB/fhs (WL pathway)	Drake et al. 2008 Ann NY Acad Sci; Ragsdale & Pierce 2008 Biochim Biophys Acta	10.1196/annals.1419.016; 10.1016/j.bbapap.2008.08.012	""	-0.711352181027156	1.72339072505286	1.31320487595057	5.6469660600085	239.845794392523	0.092485549132948	1
S__3300006311_3	10	2	d__Bacteria	p__Chloroflexota	c__Dehalococcoidia	45	4	1719488	100	TRUE	3300006311_3	Dehalococcoidia	Diagenetic	Diagenetic_acetogen	diagenetic_in_situ	CO2	Tier1_taxonomy_conserved	0.85	GTDB_ACETO_DIAG	""		""	""	""	acsB/fhs (WL pathway)	Drake et al. 2008 Ann NY Acad Sci; Ragsdale & Pierce 2008 Biochim Biophys Acta	10.1196/annals.1419.016; 10.1016/j.bbapap.2008.08.012	""	0.441220023681411	2.7479676342866	1.79312604880409	8.21169352297042	697.415887850467	0.260115606936416	1
S__3300020187_18	10	3	d__Bacteria	p__Verrucomicrobiota	c__Verrucomicrobiae	28	4	2607851	100	TRUE	3300020187_18	Core_heterotrophy	Heterotrophs	Pelagic_heterotroph	pelagic_export	O2	Tier1_kegg_present	0.99	KEGG_CORE_HET	present	1	M00307;W00008;W00010;W00011	M00307:1;W00008:0.33;W00010:0;W00011:0.62	""	TCA cycle + glycolysis	Universal heterotrophic metabolism	""	""	-0.272710528934447	2.12113083488973	1.44810578255113	7.08190768998331	285.864485981308	0.161849710982659	1
S__3300020263_16	10	4	d__Archaea	p__Thermoplasmatota	c__Poseidoniia	64	4	904879	100	TRUE	3300020263_16	Pelagic_heterotroph_MGII	Heterotrophs	Pelagic_heterotroph	pelagic_export	O2	Tier1_taxonomy_conserved	0.85	GTDB_MGII	""		""	""	""	GTDB c__Poseidoniia	Rinke et al. 2019 ISME J; Zhang et al. 2015 Front Microbiol	10.1038/s41396-018-0282-y; 10.3389/fmicb.2015.01108	""	1.23518239959067	2.90277314998344	2.08066606344963	7.10858697822457	1016.22429906542	0.369942196531792	1
S__3300020300_16	10	5	d__Bacteria	p__Planctomycetota	c__Brocadiae	27	4	2388090	100	TRUE	3300020300_16	Anammox	N-loss	Anammox_N_cycle	particle_associated	NO2-/NH4+	Tier1_taxonomy_conserved	0.85	GTDB_ANAMMOX	""		""	""	""	hzsA/hzsB (K20932/K20933)	Strous et al. 1999 Nature; Kartal et al. 2011 Nat Rev Microbiol	10.1038/22749; 10.1038/nrmicro2699	""	-0.251921689600551	2.70282451343066	1.73794978331254	8.57226732695441	662.598130841122	0.15606936416185	1
S__3300020317_19	10	6	d__Bacteria	p__Proteobacteria	c__Gammaproteobacteria	12	2	108842	100	TRUE	3300020317_19	Pelagic_heterotroph	Heterotrophs	Pelagic_heterotroph	pelagic_export	O2	Tier1_taxonomy_conserved	0.85	GTDB_PELAGIC_HET	""		""	""	""	Core carbon metabolism	Giovannoni 2017 Annu Rev Mar Sci	10.1146/annurev-marine-010814-015934	""	-0.890895328610448	2.01526535703989	1.47211453315056	6.20090407290963	129.775700934579	0.069364161849711	0.5
S__3300020330_9	10	7	d__Bacteria	p__Nitrospinota	c__UBA9942	12	4	507797	100	TRUE	3300020330_9	Nitrite_oxidation_NOB	Nitrite oxidizers	Nitrifier	pelagic_export	O2	Tier1_taxonomy_conserved	0.85	GTDB_NOB	""		""	""	""	nxrA/nxrB (K00370/K00371)	Daims et al. 2015 Nature; Koch et al. 2015 PNAS	10.1038/nature16461; 10.1073/pnas.1506533112	""	-0.843880316196225	2.42384903813079	1.64554504346815	9.1415038271908	340.859813084112	0.069364161849711	1
S__3300024058_12	10	8	d__Bacteria	p__Proteobacteria	c__Alphaproteobacteria	57	4	4111288	100	TRUE	3300024058_12	Core_heterotrophy	Heterotrophs	Pelagic_heterotroph	pelagic_export	O2	Tier1_kegg_present	0.99	KEGG_CORE_HET	present	1	M00307;W00008;W00010;W00011	M00307:1;W00008:0.67;W00010:1;W00011:0.62	""	TCA cycle + glycolysis	Universal heterotrophic metabolism	""	""	1.12426410841726	4.29270772349645	3.02656878723386	10.0566645958719	2167.92990654206	0.329479768786127	1
S__3300024058_22	10	9	d__Archaea	p__Thermoproteota	c__Nitrososphaeria	48	4	903779	100	TRUE	3300024058_22	Nitrification_AOA	Ammonia oxidizers	Nitrifier	pelagic_export	O2	Tier1_kegg_present	0.895	KEGG_AOA_AMO	present	0.5	M00528	M00528:0.5	K10944	amoA (K10944)	Könneke et al. 2005 Nature	10.1038/nature04066	""	0.552303575668304	2.81683916086139	1.85164787136909	8.23776619606062	855.523364485981	0.277456647398844	1
S__3300024060_27	10	10	d__Bacteria	p__Proteobacteria	c__Alphaproteobacteria	11	4	696487	100	TRUE	3300024060_27	Core_heterotrophy	Heterotrophs	Pelagic_heterotroph	pelagic_export	O2	Tier1_kegg_present	0.99	KEGG_CORE_HET	present	1	M00307;W00008;W00010;W00011	M00307:1;W00008:0.33;W00010:1;W00011:0.25	""	TCA cycle + glycolysis	Universal heterotrophic metabolism	""	""	-0.938611010317999	2.18867743111118	1.57142579686437	7.71034783312306	99.1495327102804	0.0635838150289017	1
S__3300024431_33	10	11	d__Bacteria	p__Actinobacteriota	c__Acidimicrobiia	51	4	1621598	100	TRUE	3300024431_33	Core_heterotrophy	Heterotrophs	Heterotroph_general	uncertain	O2	Tier2_taxonomy_broad	0.7	GTDB_CORE_HET	""		""	""	""	TCA cycle + glycolysis	Universal heterotrophic metabolism	""	""	0.792202795589228	3.29909249465574	2.18503536157971	9.52652599959261	1377.20560747664	0.294797687861272	1
S__3300024516_13	10	12	d__Bacteria	p__Proteobacteria	c__Gammaproteobacteria	44	4	3867584	100	TRUE	3300024516_13	Core_heterotrophy	Heterotrophs	Pelagic_heterotroph	pelagic_export	O2	Tier1_kegg_present	0.99	KEGG_CORE_HET	present	1	M00307;W00008;W00010;W00011	M00307:1;W00008:0.33;W00010:1;W00011:0.62	""	TCA cycle + glycolysis	Universal heterotrophic metabolism	""	""	0.494684445402281	3.08403733710498	1.98346009813065	9.93649725712281	2723.55140186916	0.254335260115607	1
S__3300024516_18	10	13	d__Bacteria	p__Nitrospirota	c__Nitrospiria	27	4	638157	100	TRUE	3300024516_18	Nitrite_oxidation_NOB	Nitrite oxidizers	Nitrifier	pelagic_export	O2	Tier1_taxonomy_conserved	0.85	GTDB_NOB	""		""	""	""	nxrA/nxrB (K00370/K00371)	Daims et al. 2015 Nature; Koch et al. 2015 PNAS	10.1038/nature16461; 10.1073/pnas.1506533112	""	-0.320027673751461	2.05950383133532	1.40630325048485	7.59859777830753	267.042056074766	0.15606936416185	1
S__3300024516_26	10	14	d__Bacteria	p__Proteobacteria	c__Gammaproteobacteria	13	4	592234	100	TRUE	3300024516_26	Core_heterotrophy	Heterotrophs	Pelagic_heterotroph	pelagic_export	O2	Tier1_kegg_present	0.99	KEGG_CORE_HET	present	1	M00307;W00008;W00010;W00011	M00307:1;W00008:0.33;W00010:0;W00011:0.25	""	TCA cycle + glycolysis	Universal heterotrophic metabolism	""	""	-0.847706523397316	2.13725260174864	1.51722598777018	7.85510265857098	191.420560747664	0.0751445086705202	1
S__3300024516_38	10	15	d__Bacteria	p__KSB1	c__UBA2214	95	4	1726337	100	TRUE	3300024516_38	Unknown	Other	Unknown	uncertain	Unknown	Tier3_unknown	0.1	""	""		""	""	""	""	""	""	""	2.61458986976123	3.72147815164758	3.23336102751556	9.95502827036986	3377.11214953271	0.549132947976879	1
S__3300025276_12	10	16	d__Bacteria	p__Bacteroidota	c__Bacteroidia	16	3	901736	100	TRUE	3300025276_12	Core_heterotrophy	Heterotrophs	Pelagic_heterotroph	pelagic_export	O2	Tier1_kegg_present	0.99	KEGG_CORE_HET	present	1	M00307;W00008;W00010;W00011	M00307:1;W00008:0.33;W00010:0;W00011:0.38	""	TCA cycle + glycolysis	Universal heterotrophic metabolism	""	""	-0.736409449341041	1.62030177459291	1.27092952055356	5.55251500771195	166.752336448598	0.092485549132948	0.75
S__3300025894_53	10	17	d__Bacteria	p__Bacteroidota	c__Bacteroidia	19	3	985421	100	TRUE	3300025894_53	Particle_heterotroph	Particle-attached	Pelagic_heterotroph	particle_associated	O2	Tier1_taxonomy_conserved	0.85	GTDB_PARTICLE_HET	""		""	""	""	Polysaccharide degradation	Teeling et al. 2012 Science	10.1126/science.1218344	""	-0.604548564965969	1.74129249898992	1.30291742893955	6.06016668025902	244.271028037383	0.109826589595376	0.75
S__3300026080_15	10	18	d__Bacteria	p__Verrucomicrobiota	c__Verrucomicrobiae	16	3	623749	100	TRUE	3300026080_15	Particle_heterotroph	Particle-attached	Pelagic_heterotroph	particle_associated	O2	Tier1_taxonomy_conserved	0.85	GTDB_PARTICLE_HET	""		""	""	""	Polysaccharide degradation	Teeling et al. 2012 Science	10.1126/science.1218344	""	-0.746053864745167	1.92026664091193	1.40097998442478	5.98186770947972	145.238317757009	0.092485549132948	0.75
S__3300026087_14	10	19	d__Bacteria	p__Marinisomatota	c__Marinisomatia	13	4	526487	100	TRUE	3300026087_14	Core_heterotrophy	Heterotrophs	Pelagic_heterotroph	pelagic_export	O2	Tier1_kegg_present	0.99	KEGG_CORE_HET	present	1	M00307;W00008;W00010;W00011	M00307:1;W00008:0.33;W00010:0;W00011:0.25	""	TCA cycle + glycolysis	Universal heterotrophic metabolism	""	""	-0.833729350969034	1.67554996419575	1.3164083025108	5.5175254986691	191.014018691589	0.0751445086705202	1
S__3300026253_28	10	20	d__Bacteria	p__Acidobacteriota	c__UBA6911	61	4	2543907	100	TRUE	3300026253_28	Core_heterotrophy	Heterotrophs	Pelagic_heterotroph	pelagic_export	O2	Tier1_kegg_present	0.99	KEGG_CORE_HET	present	1	M00307;W00008;W00010;W00011	M00307:1;W00008:0.67;W00010:0;W00011:0.38	""	TCA cycle + glycolysis	Universal heterotrophic metabolism	""	""	1.17040434847156	3.33999503301535	2.30514808563661	9.71090132301621	2648.28504672897	0.352601156069364	1
S__3300026253_8	10	21	d__Bacteria	p__Planctomycetota	c__Planctomycetia	12	3	1109178	100	TRUE	3300026253_8	Core_heterotrophy	Heterotrophs	Pelagic_heterotroph	pelagic_export	O2	Tier1_kegg_present	0.99	KEGG_CORE_HET	present	1	M00307;W00008;W00010;W00011	M00307:1;W00008:0.33;W00010:1;W00011:0.25	""	TCA cycle + glycolysis	Universal heterotrophic metabolism	""	""	-0.894552350502525	1.46226399927718	1.24500875636355	4.68861688023481	119.911214953271	0.069364161849711	0.75
S__3300026264_29	10	22	d__Bacteria	p__Marinisomatota	c__Marinisomatia	10	3	244386	100	TRUE	3300026264_29	Core_heterotrophy	Heterotrophs	Pelagic_heterotroph	pelagic_export	O2	Tier1_kegg_present	0.99	KEGG_CORE_HET	present	1	M00307;W00008;W00010;W00011	M00307:1;W00008:0.33;W00010:0;W00011:0.25	""	TCA cycle + glycolysis	Universal heterotrophic metabolism	""	""	-0.972280200461305	1.85726019936611	1.41997030576523	6.99440000889898	102.878504672897	0.0578034682080925	0.75
S__3300026264_34	10	23	d__Archaea	p__Thermoproteota	c__Nitrososphaeria	123	4	2981338	100	TRUE	3300026264_34	Nitrification_AOA	Ammonia oxidizers	Nitrifier	pelagic_export	O2	Tier1_kegg_present	0.895	KEGG_AOA_AMO	present	0.5	M00528	M00528:0.5	K10944	amoA (K10944)	Könneke et al. 2005 Nature	10.1038/nature04066	""	4.04357416986561	4.07612703168493	4.45696704003447	9.98557603869168	6542.33644859813	0.710982658959538	1
S__3300027687_20	10	24	d__Archaea	p__Thermoplasmatota	c__Poseidoniia	40	4	1271050	100	TRUE	3300027687_20	Pelagic_heterotroph_MGII	Heterotrophs	Pelagic_heterotroph	pelagic_export	O2	Tier1_taxonomy_conserved	0.85	GTDB_MGII	""		""	""	""	GTDB c__Poseidoniia	Rinke et al. 2019 ISME J; Zhang et al. 2015 Front Microbiol	10.1038/s41396-018-0282-y; 10.3389/fmicb.2015.01108	""	0.228626321506942	2.7636868959247	1.83300350777138	7.28620324995752	577.364485981309	0.23121387283237	1
S__3300027752_17	10	25	d__Bacteria	p__Proteobacteria	c__Gammaproteobacteria	38	4	1588530	100	TRUE	3300027752_17	Core_heterotrophy	Heterotrophs	Pelagic_heterotroph	pelagic_export	O2	Tier1_kegg_present	0.99	KEGG_CORE_HET	present	1	M00307;W00008;W00010;W00011	M00307:1;W00008:0.33;W00010:0;W00011:0.38	""	TCA cycle + glycolysis	Universal heterotrophic metabolism	""	""	0.127682750424968	2.25888008016871	1.51263502620162	6.50163517974267	405.61214953271	0.219653179190751	1
S__3300027771_26	10	26	d__Bacteria	p__Proteobacteria	c__Gammaproteobacteria	13	4	262463	100	TRUE	3300027771_26	Core_heterotrophy	Heterotrophs	Pelagic_heterotroph	pelagic_export	O2	Tier1_kegg_present	0.99	KEGG_CORE_HET	present	1	M00307;W00008;W00010;W00011	M00307:1;W00008:0.33;W00010:0;W00011:0.12	""	TCA cycle + glycolysis	Universal heterotrophic metabolism	""	""	-0.853690346059776	1.88565634077901	1.40333512013178	6.64123712240937	138.803738317757	0.0751445086705202	1
S__3300027779_22	10	27	d__Bacteria	p__Marinisomatota	c__Marinisomatia	17	4	798153	100	TRUE	3300027779_22	Core_heterotrophy	Heterotrophs	Pelagic_heterotroph	pelagic_export	O2	Tier1_kegg_present	0.99	KEGG_CORE_HET	present	1	M00307;W00008;W00010;W00011	M00307:1;W00008:0.33;W00010:0;W00011:0.62	""	TCA cycle + glycolysis	Universal heterotrophic metabolism	""	""	-0.684902755623998	1.72919688061802	1.31127217866757	5.31920761255653	210.733644859813	0.0982658959537572	1
S__3300027791_27	10	28	d__Archaea	p__Thermoplasmatota	c__Poseidoniia	26	4	959137	100	TRUE	3300027791_27	Pelagic_heterotroph_MGII	Heterotrophs	Pelagic_heterotroph	pelagic_export	O2	Tier1_taxonomy_conserved	0.85	GTDB_MGII	""		""	""	""	GTDB c__Poseidoniia	Rinke et al. 2019 ISME J; Zhang et al. 2015 Front Microbiol	10.1038/s41396-018-0282-y; 10.3389/fmicb.2015.01108	""	-0.341723568379665	2.03648411989353	1.41094618623442	6.94511851906017	289.238317757009	0.15028901734104	1
S__3300027827_16	10	29	d__Archaea	p__Thermoplasmatota	c__Poseidoniia	28	4	588348	100	TRUE	3300027827_16	Pelagic_heterotroph_MGII	Heterotrophs	Pelagic_heterotroph	pelagic_export	O2	Tier1_taxonomy_conserved	0.85	GTDB_MGII	""		""	""	""	GTDB c__Poseidoniia	Rinke et al. 2019 ISME J; Zhang et al. 2015 Front Microbiol	10.1038/s41396-018-0282-y; 10.3389/fmicb.2015.01108	""	-0.263118167468485	2.26024743126853	1.51279613472499	6.84622627622757	311.341121495327	0.161849710982659	1
S__3300027844_79	10	30	d__Archaea	p__Thermoplasmatota	c__Poseidoniia	18	4	382744	100	TRUE	3300027844_79	Pelagic_heterotroph_MGII	Heterotrophs	Pelagic_heterotroph	pelagic_export	O2	Tier1_taxonomy_conserved	0.85	GTDB_MGII	""		""	""	""	GTDB c__Poseidoniia	Rinke et al. 2019 ISME J; Zhang et al. 2015 Front Microbiol	10.1038/s41396-018-0282-y; 10.3389/fmicb.2015.01108	""	-0.641371144372842	1.68902237839045	1.28778986783948	5.48619091203501	234.911214953271	0.104046242774566	1
S__3300027847_80	10	31	d__Archaea	p__Thermoplasmatota	c__Poseidoniia	56	4	939263	100	TRUE	3300027847_80	Pelagic_heterotroph_MGII	Heterotrophs	Pelagic_heterotroph	pelagic_export	O2	Tier1_taxonomy_conserved	0.85	GTDB_MGII	""		""	""	""	GTDB c__Poseidoniia	Rinke et al. 2019 ISME J; Zhang et al. 2015 Front Microbiol	10.1038/s41396-018-0282-y; 10.3389/fmicb.2015.01108	""	0.958603463475469	3.22699820451965	2.23098189917702	8.82448913312944	1350.05607476636	0.323699421965318	1
S__3300027997_10	10	32	d__Bacteria	p__Planctomycetota	c__Planctomycetia	25	4	863354	100	TRUE	3300027997_10	Particle_heterotroph	Particle-attached	Unknown	particle_associated	O2	Tier1_taxonomy_conserved	0.85	GTDB_PARTICLE_HET	""		""	""	""	Polysaccharide degradation	Teeling et al. 2012 Science	10.1126/science.1218344	""	-0.331114673586781	2.67383424147484	1.72796233299859	8.72174662946944	638.257009345794	0.144508670520231	1
S__GCA_000213395.2	10	33	d__Bacteria	p__Proteobacteria	c__Gammaproteobacteria	19	4	337342	100	TRUE	GCA_000213395.2	Pelagic_heterotroph	Heterotrophs	Pelagic_heterotroph	pelagic_export	O2	Tier1_taxonomy_conserved	0.85	GTDB_PELAGIC_HET	""		""	""	""	Core carbon metabolism	Giovannoni 2017 Annu Rev Mar Sci	10.1146/annurev-marine-010814-015934	""	-0.605450766282245	1.76181618505631	1.31286307022035	5.47562329901465	237.626168224299	0.109826589595376	1
S__GCA_000383355.1	10	34	d__Bacteria	p__Bacteroidota	c__Bacteroidia	11	3	767898	100	TRUE	GCA_000383355.1	Core_heterotrophy	Heterotrophs	Pelagic_heterotroph	pelagic_export	O2	Tier1_kegg_present	0.99	KEGG_CORE_HET	present	1	M00307;W00008;W00010;W00011	M00307:1;W00008:0.33;W00010:0;W00011:0.75	""	TCA cycle + glycolysis	Universal heterotrophic metabolism	""	""	-0.938565912898582	1.75214065635753	1.36579919984243	5.98186770947972	99.1121495327103	0.0635838150289017	0.75
S__GCA_000402075.1	10	35	d__Archaea	p__Thermoproteota	c__Nitrososphaeria	24	4	394168	100	TRUE	GCA_000402075.1	Nitrification_AOA	Ammonia oxidizers	Nitrifier	pelagic_export	O2	Tier1_kegg_present	0.895	KEGG_AOA_AMO	present	0.5	M00528	M00528:0.5	K10944	amoA (K10944)	Könneke et al. 2005 Nature	10.1038/nature04066	""	-0.413814455720744	2.05141680293157	1.42278113306777	6.9055875435654	287.789719626168	0.138728323699422	1
S__GCA_001437625.1	10	36	d__Archaea	p__Thermoproteota	c__Nitrososphaeria	55	4	1346852	100	TRUE	GCA_001437625.1	Nitrification_AOA	Ammonia oxidizers	Nitrifier	pelagic_export	O2	Tier1_kegg_present	0.895	KEGG_AOA_AMO	present	0.5	M00528	M00528:0.5	K10944	amoA (K10944)	Könneke et al. 2005 Nature	10.1038/nature04066	""	0.818717018396347	3.10304757733872	2.12867224937996	8.11815128308603	722.504672897196	0.317919075144509	1
S__GCA_001510275.1	10	37	d__Archaea	p__Thermoproteota	c__Nitrososphaeria	12	3	302114	100	TRUE	GCA_001510275.1	Nitrification_AOA	Ammonia oxidizers	Nitrifier	pelagic_export	O2	Tier1_kegg_present	0.895	KEGG_AOA_AMO	present	0.5	M00528	M00528:0.5	K10944	amoA (K10944)	Könneke et al. 2005 Nature	10.1038/nature04066	""	-0.872433794956796	2.23765174572464	1.5678044654194	8.68944143286371	208.144859813084	0.069364161849711	0.75
S__GCA_001542995.1	10	38	d__Bacteria	p__Nitrospinota	c__Nitrospinia	43	4	823119	100	TRUE	GCA_001542995.1	Nitrite_oxidation_NOB	Nitrite oxidizers	Nitrifier	pelagic_export	O2	Tier1_taxonomy_conserved	0.85	GTDB_NOB	""		""	""	""	nxrA/nxrB (K00370/K00371)	Daims et al. 2015 Nature; Koch et al. 2015 PNAS	10.1038/nature16461; 10.1073/pnas.1506533112	""	0.377332828602821	2.86531769193239	1.87058430152556	9.38720046587309	664.85046728972	0.248554913294798	1
S__GCA_001543015.1	10	39	d__Archaea	p__Thermoproteota	c__Nitrososphaeria	106	4	5205072	100	TRUE	GCA_001543015.1	Nitrification_AOA	Ammonia oxidizers	Nitrifier	pelagic_export	O2	Tier1_kegg_present	0.895	KEGG_AOA_AMO	present	0.5	M00528	M00528:0.5	K10944	amoA (K10944)	Könneke et al. 2005 Nature	10.1038/nature04066	""	3.38302250125431	4.27470004843638	4.05320886960382	11.1436348415003	8153.1214953271	0.61271676300578	1
S__GCA_001643535.1	10	40	d__Bacteria	p__Methylomirabilota	c__Methylomirabilia	39	3	900448	100	TRUE	GCA_001643535.1	Core_heterotrophy	Heterotrophs	Pelagic_heterotroph	pelagic_export	O2	Tier1_kegg_present	0.99	KEGG_CORE_HET	present	1	M00307;W00008;W00010;W00011	M00307:1;W00008:0.33;W00010:0;W00011:0.12	""	TCA cycle + glycolysis	Universal heterotrophic metabolism	""	""	0.286338697933523	3.71192892232093	2.43497677943907	10.2651232345906	1004.45327102804	0.225433526011561	0.75
S__GCA_002082295.1	10	41	d__Bacteria	p__SAR324	c__SAR324	19	3	989576	100	TRUE	GCA_002082295.1	Core_heterotrophy	Heterotrophs	Pelagic_heterotroph	pelagic_export	O2	Tier1_kegg_present	0.99	KEGG_CORE_HET	present	1	M00307;W00008;W00010;W00011	M00307:1;W00008:0.33;W00010:1;W00011:0.5	""	TCA cycle + glycolysis	Universal heterotrophic metabolism	""	""	-0.619176571983949	1.96106033847469	1.40071984700386	7.61631790888121	233.644859813084	0.109826589595376	0.75
S__GCA_002295725.1	10	42	d__Bacteria	p__Gemmatimonadota	c__Gemmatimonadetes	10	4	690189	100	TRUE	GCA_002295725.1	Core_heterotrophy	Heterotrophs	Pelagic_heterotroph	pelagic_export	O2	Tier2_kegg_partial	0.6	KEGG_CORE_HET	""		""	""	""	TCA cycle + glycolysis	Universal heterotrophic metabolism	""	""	-0.961880363065652	1.97068403068095	1.45423523592152	8.0754509835211	211.626168224299	0.0578034682080925	1
S__GCA_002313235.1	10	43	d__Bacteria	p__Gemmatimonadota	c__Gemmatimonadetes	13	4	458803	100	TRUE	GCA_002313235.1	Unknown	Other	Unknown	uncertain	Unknown	Tier3_unknown	0.1	""	""		""	""	""	""	""	""	""	-0.850625789082027	1.78322352953387	1.35239927851275	6.6980472411216	156.593457943925	0.0751445086705202	1
S__GCA_002317795.1	10	44	d__Archaea	p__Thermoproteota	c__Nitrososphaeria	50	4	1004599	100	TRUE	GCA_002317795.1	Nitrification_AOA	Ammonia oxidizers	Nitrifier	pelagic_export	O2	Tier1_kegg_present	0.895	KEGG_AOA_AMO	present	0.5	M00528	M00528:0.5	K10944	amoA (K10944)	Könneke et al. 2005 Nature	10.1038/nature04066	""	0.649603354964301	3.21853079792612	2.1388517069954	9.43834664499324	871.981308411215	0.289017341040462	1
S__GCA_002335045.1	10	45	d__Bacteria	p__Proteobacteria	c__Gammaproteobacteria	11	3	120675	100	TRUE	GCA_002335045.1	Sulfate_reduction_diagenetic	Diagenetic	Diagenetic_SRB	diagenetic_in_situ	SO4--	Tier1_kegg_present	0.99	KEGG_SRB	present	1	M00596	M00596:1	K11180;K11181	dsrA/dsrB (K11180/K11181)	Müller et al. 2015 ISME J	10.1038/ismej.2014.208	""	-0.92721728630854	1.74749556233806	1.35963261255733	7.36395027328443	128.654205607477	0.0635838150289017	0.75
S__GCA_002499015.1	10	46	d__Archaea	p__Thermoplasmatota	c__Poseidoniia	39	4	1360969	100	TRUE	GCA_002499015.1	Pelagic_heterotroph_MGII	Heterotrophs	Pelagic_heterotroph	pelagic_export	O2	Tier1_taxonomy_conserved	0.85	GTDB_MGII	""		""	""	""	GTDB c__Poseidoniia	Rinke et al. 2019 ISME J; Zhang et al. 2015 Front Microbiol	10.1038/s41396-018-0282-y; 10.3389/fmicb.2015.01108	""	0.228390995953436	2.84540788131892	1.88073266091368	7.34844800713862	775.654205607477	0.225433526011561	1
S__GCA_003229345.1	10	47	d__Bacteria	p__Nitrospinota	c__Nitrospinia	10	4	468325	100	TRUE	GCA_003229345.1	Core_heterotrophy	Heterotrophs	Pelagic_heterotroph	pelagic_export	O2	Tier1_kegg_present	0.99	KEGG_CORE_HET	present	1	M00307;W00008;W00010;W00011	M00307:1;W00008:0.33;W00010:0;W00011:0.25	""	TCA cycle + glycolysis	Universal heterotrophic metabolism	""	""	-0.961259842807253	2.09067083209441	1.51299526360184	9.22905308216725	176.294392523364	0.0578034682080925	1
S__GCA_003331785.1	10	48	d__Bacteria	p__Cyanobacteria	c__Cyanobacteriia	19	4	387473	100	TRUE	GCA_003331785.1	Oxygenic_photosynthesis	Cyanobacteria	Primary_producer	pelagic_export	O2	Tier1_taxonomy_conserved	0.85	GTDB_CYANO	""		""	""	""	psbA (K02703)	Falkowski & Raven 2007 Aquatic Photosynthesis	10.1515/9781400849727	""	-0.58505133970883	2.47639829607952	1.6565743881332	7.34489668259918	323.238317757009	0.109826589595376	1
S__GCA_003526595.1	10	49	d__Bacteria	p__Nitrospinota	c__Nitrospinia	26	4	493378	100	TRUE	GCA_003526595.1	Nitrite_oxidation_NOB	Nitrite oxidizers	Nitrifier	pelagic_export	O2	Tier1_taxonomy_conserved	0.85	GTDB_NOB	""		""	""	""	nxrA/nxrB (K00370/K00371)	Daims et al. 2015 Nature; Koch et al. 2015 PNAS	10.1038/nature16461; 10.1073/pnas.1506533112	""	-0.311273162603619	2.25385839575309	1.51679584031347	7.50299840330266	450.401869158879	0.15028901734104	1
S__GCA_003545625.1	10	50	d__Bacteria	p__Nitrospinota	c__Nitrospinia	17	4	389076	100	TRUE	GCA_003545625.1	Nitrite_oxidation_NOB	Nitrite oxidizers	Nitrifier	pelagic_export	O2	Tier1_taxonomy_conserved	0.85	GTDB_NOB	""		""	""	""	nxrA/nxrB (K00370/K00371)	Daims et al. 2015 Nature; Koch et al. 2015 PNAS	10.1038/nature16461; 10.1073/pnas.1506533112	""	-0.69017995810205	2.20586400280187	1.52791960703326	7.44629405184254	240.644859813084	0.0982658959537572	1
S__GCA_003672175.1	10	51	d__Archaea	p__Thermoplasmatota	c__Poseidoniia	37	4	1014927	100	TRUE	GCA_003672175.1	Pelagic_heterotroph_MGII	Heterotrophs	Pelagic_heterotroph	pelagic_export	O2	Tier1_taxonomy_conserved	0.85	GTDB_MGII	""		""	""	""	GTDB c__Poseidoniia	Rinke et al. 2019 ISME J; Zhang et al. 2015 Front Microbiol	10.1038/s41396-018-0282-y; 10.3389/fmicb.2015.01108	""	0.17950824347707	2.67090568694529	1.71684237739568	7.74301402723476	793.934579439252	0.213872832369942	1
S__GCA_004195625.1	10	52	d__Archaea	p__Thermoplasmatota	c__Poseidoniia	55	4	1079962	100	TRUE	GCA_004195625.1	Pelagic_heterotroph_MGII	Heterotrophs	Pelagic_heterotroph	pelagic_export	O2	Tier1_taxonomy_conserved	0.85	GTDB_MGII	""		""	""	""	GTDB c__Poseidoniia	Rinke et al. 2019 ISME J; Zhang et al. 2015 Front Microbiol	10.1038/s41396-018-0282-y; 10.3389/fmicb.2015.01108	""	0.810374840130831	3.38486397865502	2.3458891696902	7.79489025719189	756.186915887851	0.317919075144509	1
S__GCA_004356455.1	10	53	d__Bacteria	p__Myxococcota_A	c__UBA9160	12	4	864913	100	TRUE	GCA_004356455.1	Core_heterotrophy	Heterotrophs	Pelagic_heterotroph	pelagic_export	O2	Tier2_kegg_partial	0.625	KEGG_CORE_HET	""		""	""	""	TCA cycle + glycolysis	Universal heterotrophic metabolism	""	""	-0.855436432270391	2.05668444237046	1.46554971365698	7.93000746118938	386.042056074766	0.069364161849711	1
S__GCA_004356825.1	10	54	d__Bacteria	p__KSB1	c__UBA2214	15	4	1632870	100	TRUE	GCA_004356825.1	Core_heterotrophy	Heterotrophs	Pelagic_heterotroph	pelagic_export	O2	Tier2_kegg_partial	0.6	KEGG_CORE_HET	""		""	""	""	TCA cycle + glycolysis	Universal heterotrophic metabolism	""	""	-0.756728611984359	2.05981290300475	1.45170809764177	7.95409012651683	312.85046728972	0.0867052023121387	1
S__GCA_004356895.1	10	55	d__Bacteria	p__Proteobacteria	c__Gammaproteobacteria	13	4	788695	100	TRUE	GCA_004356895.1	Core_heterotrophy	Heterotrophs	Pelagic_heterotroph	pelagic_export	O2	Tier1_kegg_present	0.99	KEGG_CORE_HET	present	1	M00307;W00008;W00010;W00011	M00307:1;W00008:0.67;W00010:0;W00011:0.62	""	TCA cycle + glycolysis	Universal heterotrophic metabolism	""	""	-0.854934245312059	1.99415473526495	1.45427020064298	7.22883679884848	140.028037383178	0.0751445086705202	1
S__GCA_008974855.1	10	56	d__Archaea	p__Thermoproteota	c__Nitrososphaeria	168	4	4576428	100	TRUE	GCA_008974855.1	Nitrification_AOA	Ammonia oxidizers	Nitrifier	pelagic_export	O2	Tier1_kegg_present	0.895	KEGG_AOA_AMO	present	0.5	M00528	M00528:0.5	K10944	amoA (K10944)	Könneke et al. 2005 Nature	10.1038/nature04066	""	6.05232005484835	3.42393783512008	6.13874671036764	10.0386445803267	7530.06074766355	0.971098265895954	1
S__GCA_008975185.1	10	57	d__Bacteria	p__Proteobacteria	c__Gammaproteobacteria	10	4	293163	100	TRUE	GCA_008975185.1	Core_heterotrophy	Heterotrophs	Pelagic_heterotroph	pelagic_export	O2	Tier1_kegg_present	0.99	KEGG_CORE_HET	present	1	M00307;W00008;W00010;W00011	M00307:1;W00008:0.33;W00010:0;W00011:0.38	""	TCA cycle + glycolysis	Universal heterotrophic metabolism	""	""	-0.962458603971687	2.15093204882604	1.55149676674283	7.92231765626238	135.299065420561	0.0578034682080925	1
S__GCA_009392475.1	10	58	d__Bacteria	p__Chloroflexota	c__Dehalococcoidia	13	4	691453	100	TRUE	GCA_009392475.1	Dehalococcoidia	Diagenetic	Diagenetic_acetogen	diagenetic_in_situ	CO2	Tier1_taxonomy_conserved	0.85	GTDB_ACETO_DIAG	""		""	""	""	acsB/fhs (WL pathway)	Drake et al. 2008 Ann NY Acad Sci; Ragsdale & Pierce 2008 Biochim Biophys Acta	10.1196/annals.1419.016; 10.1016/j.bbapap.2008.08.012	""	-0.839746955474494	2.13347513742706	1.51696675259458	7.06117561976605	174.420560747664	0.0751445086705202	1
S__GCA_009937205.1	10	59	d__Archaea	p__Thermoplasmatota	c__Poseidoniia	33	4	909041	100	TRUE	GCA_009937205.1	Pelagic_heterotroph_MGII	Heterotrophs	Pelagic_heterotroph	pelagic_export	O2	Tier1_taxonomy_conserved	0.85	GTDB_MGII	""		""	""	""	GTDB c__Poseidoniia	Rinke et al. 2019 ISME J; Zhang et al. 2015 Front Microbiol	10.1038/s41396-018-0282-y; 10.3389/fmicb.2015.01108	""	-0.0624412939362722	2.32980856263874	1.54401950957156	6.53320983416908	368.943925233645	0.190751445086705	1
S__GCA_011055585.1	10	60	d__Archaea	p__Thermoproteota	c__Nitrososphaeria	185	4	9331334	100	TRUE	GCA_011055585.1	Nitrification_AOA	Ammonia oxidizers	Nitrifier	pelagic_export	O2	Tier1_taxonomy_conserved	0.85	GTDB_AOA	""		""	""	""	amoA (K10944)	Könneke et al. 2005 Nature	10.1038/nature04066	""	7.08962418989889	3.08156507332838	7.1032571599728	10.6554203601061	16130.1168224299	1.06936416184971	1
S__GCA_012960805.1	10	61	d__Bacteria	p__Bacteroidota	c__Bacteroidia	67	4	1417902	100	TRUE	GCA_012960805.1	Particle_heterotroph	Particle-attached	Pelagic_heterotroph	particle_associated	O2	Tier1_taxonomy_conserved	0.85	GTDB_PARTICLE_HET	""		""	""	""	Polysaccharide degradation	Teeling et al. 2012 Science	10.1126/science.1218344	""	1.34942862408821	2.97680271718494	2.17612037355266	7.47040453374483	1093.5046728972	0.38728323699422	1
S__GCA_012964335.1	10	62	d__Archaea	p__Thermoplasmatota	c__Poseidoniia	24	4	835386	100	TRUE	GCA_012964335.1	Pelagic_heterotroph_MGII	Heterotrophs	Pelagic_heterotroph	pelagic_export	O2	Tier1_taxonomy_conserved	0.85	GTDB_MGII	""		""	""	""	GTDB c__Poseidoniia	Rinke et al. 2019 ISME J; Zhang et al. 2015 Front Microbiol	10.1038/s41396-018-0282-y; 10.3389/fmicb.2015.01108	""	-0.383542083906636	1.91172653222273	1.35376837522369	5.93997949466356	409.990654205607	0.138728323699422	1
S__GCA_012964845.1	10	63	d__Bacteria	p__Marinisomatota	c__Marinisomatia	25	3	429559	100	TRUE	GCA_012964845.1	Core_heterotrophy	Heterotrophs	Pelagic_heterotroph	pelagic_export	O2	Tier1_kegg_present	0.99	KEGG_CORE_HET	present	1	M00307;W00008;W00010;W00011	M00307:1;W00008:0.33;W00010:0;W00011:0.25	""	TCA cycle + glycolysis	Universal heterotrophic metabolism	""	""	-0.372828846181249	2.00348337362678	1.3952505318565	5.97858125255539	295.514018691589	0.144508670520231	0.75
S__GCA_012974305.1	10	64	d__Bacteria	p__Methylomirabilota	c__Methylomirabilia	21	3	2526358	100	TRUE	GCA_012974305.1	Core_heterotrophy	Heterotrophs	Pelagic_heterotroph	pelagic_export	O2	Tier1_kegg_present	0.99	KEGG_CORE_HET	present	1	M00307;W00008;W00010;W00011	M00307:1;W00008:0.33;W00010:0;W00011:0.38	""	TCA cycle + glycolysis	Universal heterotrophic metabolism	""	""	-0.381749181653828	3.30188574407274	2.0736849223313	9.66978148628458	1158.3785046729	0.121387283236994	0.75
S__GCA_012974425.1	10	65	d__Bacteria	p__Desulfobacterota	c__Desulfuromonadia	11	3	379876	100	TRUE	GCA_012974425.1	Sulfate_reduction_diagenetic	Diagenetic	Diagenetic_SRB	diagenetic_in_situ	SO4--	Tier1_taxonomy_conserved	0.85	GTDB_SRB_DIAG	""		""	""	""	dsrA/dsrB (K11180/K11181)	Müller et al. 2015 ISME J	10.1038/ismej.2014.208	""	-0.934459860226354	1.95285598805392	1.44903876224057	8.06054793892065	118.822429906542	0.0635838150289017	0.75
S__GCA_013203245.1	10	66	d__Archaea	p__Thermoproteota	c__Nitrososphaeria	11	2	599228	100	TRUE	GCA_013203245.1	Core_heterotrophy	Heterotrophs	Pelagic_heterotroph	pelagic_export	O2	Tier1_kegg_present	0.99	KEGG_CORE_HET	present	1	M00307;W00008;W00010;W00011	M00307:0;W00008:0.33;W00010:1;W00011:0.25	""	TCA cycle + glycolysis	Universal heterotrophic metabolism	""	""	-0.941433454951752	1.76069744695622	1.36817150053536	7.41041506486065	94.6355140186916	0.0635838150289017	0.5
S__GCA_013215285.1	10	67	d__Archaea	p__Thermoproteota	c__Nitrososphaeria	116	4	2733650	100	TRUE	GCA_013215285.1	Nitrification_AOA	Ammonia oxidizers	Nitrifier	pelagic_export	O2	Tier1_kegg_present	0.895	KEGG_AOA_AMO	present	0.5	M00528	M00528:0.5	K10944	amoA (K10944)	Könneke et al. 2005 Nature	10.1038/nature04066	""	3.51893329956361	3.80592685361168	3.9530685709512	10.2831586435793	3813.61682242991	0.670520231213873	1
S__GCA_013390475.1	10	68	d__Archaea	p__Thermoproteota	c__Nitrososphaeria	123	4	3264169	100	TRUE	GCA_013390475.1	Nitrification_AOA	Ammonia oxidizers	Nitrifier	pelagic_export	O2	Tier1_kegg_present	0.895	KEGG_AOA_AMO	present	0.5	M00528	M00528:0.5	K10944	amoA (K10944)	Könneke et al. 2005 Nature	10.1038/nature04066	""	3.70556645100046	3.65805799020167	4.02739308681043	9.01519415955424	2905.93925233645	0.710982658959538	1
S__GCA_013911135.1	10	69	d__Archaea	p__Thermoproteota	c__Nitrososphaeria	170	4	7123614	100	TRUE	GCA_013911135.1	Nitrification_AOA	Ammonia oxidizers	Nitrifier	pelagic_export	O2	Tier1_kegg_present	0.895	KEGG_AOA_AMO	present	0.5	M00528	M00528:0.5	K10944	amoA (K10944)	Könneke et al. 2005 Nature	10.1038/nature04066	""	5.91994674828164	3.24317402375948	5.98320759423542	9.85738762099098	6261.09813084112	0.982658959537572	1
S__GCA_014384505.1	10	70	d__Bacteria	p__Bacteroidota	c__Bacteroidia	48	4	1187009	100	TRUE	GCA_014384505.1	Particle_heterotroph	Particle-attached	Pelagic_heterotroph	particle_associated	O2	Tier1_taxonomy_conserved	0.85	GTDB_PARTICLE_HET	""		""	""	""	Polysaccharide degradation	Teeling et al. 2012 Science	10.1126/science.1218344	""	0.557414477764251	2.60516779458334	1.74779569506524	7.18293106219363	622.799065420561	0.277456647398844	1
S__GCA_015659035.1	10	71	d__Bacteria	p__Acidobacteriota	c__Vicinamibacteria	17	4	1222976	100	TRUE	GCA_015659035.1	Core_heterotrophy	Heterotrophs	Pelagic_heterotroph	pelagic_export	O2	Tier1_kegg_present	0.99	KEGG_CORE_HET	present	1	M00307;W00008;W00010;W00011	M00307:0.75;W00008:1;W00010:0;W00011:0.5	""	TCA cycle + glycolysis	Universal heterotrophic metabolism	""	""	-0.639604956348772	2.53114711905074	1.67327936865654	8.78179812792681	618.196261682243	0.0982658959537572	1
S__GCA_015659595.1	10	72	d__Bacteria	p__Myxococcota_A	c__UBA9160	15	4	1294758	100	TRUE	GCA_015659595.1	Core_heterotrophy	Heterotrophs	Pelagic_heterotroph	pelagic_export	O2	Tier1_kegg_present	0.99	KEGG_CORE_HET	present	1	M00307;W00008;W00010;W00011	M00307:1;W00008:0.33;W00010:0;W00011:0.62	""	TCA cycle + glycolysis	Universal heterotrophic metabolism	""	""	-0.711553614244577	1.85761401892997	1.3653049948663	6.98098956689656	463.102803738318	0.0867052023121387	1
S__GCA_016276965.1	10	73	d__Archaea	p__Thermoproteota	c__Nitrososphaeria	107	4	1556076	100	TRUE	GCA_016276965.1	Nitrification_AOA	Ammonia oxidizers	Nitrifier	pelagic_export	O2	Tier1_taxonomy_conserved	0.85	GTDB_AOA	""		""	""	""	amoA (K10944)	Könneke et al. 2005 Nature	10.1038/nature04066	""	3.05627547454227	3.7869122225696	3.61566902824919	8.84408300232299	2159.91588785047	0.61849710982659	1
S__GCA_016777225.1	10	74	d__Archaea	p__Thermoplasmatota	c__Poseidoniia	40	4	1246126	100	TRUE	GCA_016777225.1	Pelagic_heterotroph_MGII	Heterotrophs	Pelagic_heterotroph	pelagic_export	O2	Tier1_taxonomy_conserved	0.85	GTDB_MGII	""		""	""	""	GTDB c__Poseidoniia	Rinke et al. 2019 ISME J; Zhang et al. 2015 Front Microbiol	10.1038/s41396-018-0282-y; 10.3389/fmicb.2015.01108	""	0.330777795976346	3.19160298316207	2.06594295723757	8.18915543152154	1021.42056074766	0.23121387283237	1
S__GCA_016777365.1	10	75	d__Bacteria	p__Bacteroidota	c__Bacteroidia	11	2	166679	100	TRUE	GCA_016777365.1	Particle_heterotroph	Particle-attached	Pelagic_heterotroph	particle_associated	O2	Tier1_taxonomy_conserved	0.85	GTDB_PARTICLE_HET	""		""	""	""	Polysaccharide degradation	Teeling et al. 2012 Science	10.1126/science.1218344	""	-0.923042542468081	2.04534482151583	1.49080417867296	6.50336747595293	133.397196261682	0.0635838150289017	0.5
S__GCA_016838795.1	10	76	d__Archaea	p__Thermoproteota	c__Nitrososphaeria	91	4	3295789	100	TRUE	GCA_016838795.1	Nitrification_AOA	Ammonia oxidizers	Nitrifier	pelagic_export	O2	Tier1_kegg_present	0.895	KEGG_AOA_AMO	present	0.5	M00528	M00528:0.5	K10944	amoA (K10944)	Könneke et al. 2005 Nature	10.1038/nature04066	""	2.44105974084057	4.44724795783358	3.77441334289717	10.4044556210931	2464.17757009346	0.526011560693642	1
S__GCA_016838825.1	10	77	d__Archaea	p__Thermoproteota	c__Nitrososphaeria	44	4	841098	100	TRUE	GCA_016838825.1	Nitrification_AOA	Ammonia oxidizers	Nitrifier	pelagic_export	O2	Tier1_kegg_present	0.895	KEGG_AOA_AMO	present	0.5	M00528	M00528:0.5	K10944	amoA (K10944)	Könneke et al. 2005 Nature	10.1038/nature04066	""	0.485460668004462	3.25022100886133	2.10046377625449	9.48435968365649	1727.69626168224	0.254335260115607	1
S__GCA_016838845.1	10	78	d__Archaea	p__Thermoproteota	c__Nitrososphaeria	146	4	7811028	100	TRUE	GCA_016838845.1	Nitrification_AOA	Ammonia oxidizers	Nitrifier	pelagic_export	O2	Tier1_kegg_present	0.895	KEGG_AOA_AMO	present	0.5	M00528	M00528:0.5	K10944	amoA (K10944)	Könneke et al. 2005 Nature	10.1038/nature04066	""	5.19262137432037	4.27395978318225	5.62018136046635	10.6818369429937	10187.2663551402	0.84393063583815	1
S__GCA_017368835.1	10	79	d__Bacteria	p__Planctomycetota	c__Brocadiae	10	3	1501677	100	TRUE	GCA_017368835.1	Anammox	N-loss	Anammox_N_cycle	particle_associated	NO2-/NH4+	Tier1_kegg_present	0.968888888888889	KEGG_ANAMMOX	present	0.888888888888889	M00973	M00973:0.89	K20932	hzsA/hzsB (K20932/K20933)	Strous et al. 1999 Nature; Kartal et al. 2011 Nat Rev Microbiol	10.1038/22749; 10.1038/nrmicro2699	""	-0.960197578741902	2.20815040488386	1.57093919134472	9.81598545720553	186.728971962617	0.0578034682080925	0.75
S__GCA_017854145.1	10	80	d__Bacteria	p__Bacteroidota	c__Bacteroidia	46	4	1407668	100	TRUE	GCA_017854145.1	Core_heterotrophy	Heterotrophs	Pelagic_heterotroph	pelagic_export	O2	Tier1_kegg_present	0.99	KEGG_CORE_HET	present	1	M00307;W00008;W00010;W00011	M00307:1;W00008:0.33;W00010:0;W00011:0.75	""	TCA cycle + glycolysis	Universal heterotrophic metabolism	""	""	0.469088099247773	2.84061832117974	1.88159579091017	7.70881377893074	589.257009345794	0.265895953757225	1
S__GCA_018673385.1	10	81	d__Bacteria	p__Bacteroidota	c__Bacteroidia	12	2	317852	100	TRUE	GCA_018673385.1	Particle_heterotroph	Particle-attached	Pelagic_heterotroph	particle_associated	O2	Tier1_taxonomy_conserved	0.85	GTDB_PARTICLE_HET	""		""	""	""	Polysaccharide degradation	Teeling et al. 2012 Science	10.1126/science.1218344	""	-0.897544412849469	1.63892886251743	1.31105182911891	5.5175254986691	113.658878504673	0.069364161849711	0.5
S__GCA_902512375.1	10	82	d__Bacteria	p__Proteobacteria	c__Gammaproteobacteria	22	4	448560	100	TRUE	GCA_902512375.1	Core_heterotrophy	Heterotrophs	Pelagic_heterotroph	pelagic_export	O2	Tier1_kegg_present	0.99	KEGG_CORE_HET	present	1	M00307;W00008;W00010;W00011	M00307:1;W00008:0.33;W00010:0;W00011:0.38	""	TCA cycle + glycolysis	Universal heterotrophic metabolism	""	""	-0.498861240628869	1.81891854665891	1.32374747535771	5.3347294946058	245.07476635514	0.127167630057803	1
S__GCA_902514095.1	10	83	d__Archaea	p__Thermoproteota	c__Nitrososphaeria	14	3	278791	100	TRUE	GCA_902514095.1	Nitrification_AOA	Ammonia oxidizers	Nitrifier	pelagic_export	O2	Tier1_kegg_present	0.895	KEGG_AOA_AMO	present	0.5	M00528	M00528:0.5	K10944	amoA (K10944)	Könneke et al. 2005 Nature	10.1038/nature04066	""	-0.828861156316969	1.66935227611334	1.3044643665384	6.5579387419012	115.855140186916	0.0809248554913295	0.75
S__GCA_905181585.1	10	84	d__Bacteria	p__Bacteroidota	c__Bacteroidia	16	3	404778	100	TRUE	GCA_905181585.1	Particle_heterotroph	Particle-attached	Pelagic_heterotroph	particle_associated	O2	Tier1_taxonomy_conserved	0.85	GTDB_PARTICLE_HET	""		""	""	""	Polysaccharide degradation	Teeling et al. 2012 Science	10.1126/science.1218344	""	-0.720304780035494	2.16127578457516	1.50857552110395	6.36559631592455	213.07476635514	0.092485549132948	0.75
S__GCA_905181595.1	10	85	d__Bacteria	p__Proteobacteria	c__Gammaproteobacteria	60	4	1026253	100	TRUE	GCA_905181595.1	Pelagic_heterotroph	Heterotrophs	Pelagic_heterotroph	pelagic_export	O2	Tier1_taxonomy_conserved	0.85	GTDB_PELAGIC_HET	""		""	""	""	Core carbon metabolism	Giovannoni 2017 Annu Rev Mar Sci	10.1146/annurev-marine-010814-015934	""	1.02613279440681	2.77641601365499	1.94973573333288	7.09203258775178	747.672897196262	0.346820809248555	1
S__GCA_905181765.1	10	86	d__Bacteria	p__Bacteroidota	c__Bacteroidia	29	3	1486351	100	TRUE	GCA_905181765.1	Core_heterotrophy	Heterotrophs	Pelagic_heterotroph	pelagic_export	O2	Tier1_kegg_present	0.99	KEGG_CORE_HET	present	1	M00307;W00008;W00010;W00011	M00307:1;W00008:0.33;W00010:0;W00011:0.62	""	TCA cycle + glycolysis	Universal heterotrophic metabolism	""	""	-0.23259673717758	2.21848071260155	1.49803273093862	6.92791042920411	296.144859813084	0.167630057803468	0.75
S__GCA_905182065.1	10	87	d__Bacteria	p__Bacteroidota	c__Bacteroidia	10	2	218898	100	TRUE	GCA_905182065.1	Particle_heterotroph	Particle-attached	Pelagic_heterotroph	particle_associated	O2	Tier1_taxonomy_conserved	0.85	GTDB_PARTICLE_HET	""		""	""	""	Polysaccharide degradation	Teeling et al. 2012 Science	10.1126/science.1218344	""	-0.97975230006969	1.83923899488632	1.41366254165098	5.98186770947972	85.588785046729	0.0578034682080925	0.5
S__GCA_905182235.1	10	88	d__Bacteria	p__Proteobacteria	c__Gammaproteobacteria	39	4	495493	100	TRUE	GCA_905182235.1	Pelagic_heterotroph	Heterotrophs	Pelagic_heterotroph	pelagic_export	O2	Tier1_taxonomy_conserved	0.85	GTDB_PELAGIC_HET	""		""	""	""	Core carbon metabolism	Giovannoni 2017 Annu Rev Mar Sci	10.1146/annurev-marine-010814-015934	""	0.164076448503625	2.5231899125409	1.67304319229412	7.4712655139464	423.542056074766	0.225433526011561	1
S__GCA_905182435.1	10	89	d__Bacteria	p__Verrucomicrobiota	c__Verrucomicrobiae	13	2	327485	100	TRUE	GCA_905182435.1	Particle_heterotroph	Particle-attached	Pelagic_heterotroph	particle_associated	O2	Tier1_taxonomy_conserved	0.85	GTDB_PARTICLE_HET	""		""	""	""	Polysaccharide degradation	Teeling et al. 2012 Science	10.1126/science.1218344	""	-0.826000983197982	2.22292017329331	1.55189398662255	7.11980635288037	237.327102803738	0.0751445086705202	0.5
S__GCA_905182465.1	10	90	d__Bacteria	p__Verrucomicrobiota	c__Verrucomicrobiae	21	4	330237	100	TRUE	GCA_905182465.1	Particle_heterotroph	Particle-attached	Pelagic_heterotroph	particle_associated	O2	Tier1_taxonomy_conserved	0.85	GTDB_PARTICLE_HET	""		""	""	""	Polysaccharide degradation	Teeling et al. 2012 Science	10.1126/science.1218344	""	-0.50203498512355	2.55434786536994	1.69188283660878	7.65777878475611	356.738317757009	0.121387283236994	1
S__GCA_905182765.1	10	91	d__Bacteria	p__Bacteroidota	c__Bacteroidia	13	2	422105	100	TRUE	GCA_905182765.1	Core_heterotrophy	Heterotrophs	Pelagic_heterotroph	pelagic_export	O2	Tier1_kegg_present	0.99	KEGG_CORE_HET	present	1	M00307;W00008;W00010;W00011	M00307:1;W00008:0.33;W00010:1;W00011:0.38	""	TCA cycle + glycolysis	Universal heterotrophic metabolism	""	""	-0.845042865138301	2.03858383264922	1.47385838068132	6.13470228685395	156.61214953271	0.0751445086705202	0.5
S__GCA_905182775.1	10	92	d__Bacteria	p__Bacteroidota	c__Bacteroidia	18	4	598959	100	TRUE	GCA_905182775.1	Particle_heterotroph	Particle-attached	Pelagic_heterotroph	particle_associated	O2	Tier1_taxonomy_conserved	0.85	GTDB_PARTICLE_HET	""		""	""	""	Polysaccharide degradation	Teeling et al. 2012 Science	10.1126/science.1218344	""	-0.642216834930976	2.24125634406653	1.53942945547904	7.12163417144432	230.130841121495	0.104046242774566	1
S__GCA_905182795.1	10	93	d__Bacteria	p__Marinisomatota	c__Marinisomatia	26	4	377348	100	TRUE	GCA_905182795.1	Pelagic_heterotroph	Heterotrophs	Pelagic_heterotroph	pelagic_export	O2	Tier1_taxonomy_conserved	0.85	GTDB_PELAGIC_HET	""		""	""	""	Core carbon metabolism	Giovannoni 2017 Annu Rev Mar Sci	10.1146/annurev-marine-010814-015934	""	-0.33579991688255	1.97825537581765	1.38231633686277	6.5512077238862	302.588785046729	0.15028901734104	1
S__GCA_905182815.1	10	94	d__Bacteria	p__Proteobacteria	c__Gammaproteobacteria	104	4	2007653	100	TRUE	GCA_905182815.1	Pelagic_heterotroph	Heterotrophs	Pelagic_heterotroph	pelagic_export	O2	Tier1_taxonomy_conserved	0.85	GTDB_PELAGIC_HET	""		""	""	""	Core carbon metabolism	Giovannoni 2017 Annu Rev Mar Sci	10.1146/annurev-marine-010814-015934	""	2.85630972340472	3.61088842422266	3.41360707494725	8.52621046373716	1877.51401869159	0.601156069364162	1
S__GCA_905182865.1	10	95	d__Bacteria	p__SAR324	c__SAR324	47	4	2596420	100	TRUE	GCA_905182865.1	Core_heterotrophy	Heterotrophs	Pelagic_heterotroph	pelagic_export	O2	Tier1_kegg_present	0.99	KEGG_CORE_HET	present	1	M00307;W00008;W00010;W00011	M00307:0.67;W00008:0.33;W00010:1;W00011:0.38	""	TCA cycle + glycolysis	Universal heterotrophic metabolism	""	""	0.564321917516488	2.90723472937953	1.94555228457113	7.78095709921347	955.658878504673	0.271676300578035	1
S__GCA_905182885.1	10	96	d__Bacteria	p__Proteobacteria	c__Gammaproteobacteria	32	4	536560	100	TRUE	GCA_905182885.1	Pelagic_heterotroph	Heterotrophs	Pelagic_heterotroph	pelagic_export	O2	Tier1_taxonomy_conserved	0.85	GTDB_PELAGIC_HET	""		""	""	""	Core carbon metabolism	Giovannoni 2017 Annu Rev Mar Sci	10.1146/annurev-marine-010814-015934	""	-0.108419191058061	2.32631074561459	1.5524791719408	7.05569774625274	351.289719626168	0.184971098265896	1
S__GCA_905478185.1	10	97	d__Bacteria	p__Bacteroidota	c__Bacteroidia	38	4	977994	100	TRUE	GCA_905478185.1	Particle_heterotroph	Particle-attached	Pelagic_heterotroph	particle_associated	O2	Tier1_taxonomy_conserved	0.85	GTDB_PARTICLE_HET	""		""	""	""	Polysaccharide degradation	Teeling et al. 2012 Science	10.1126/science.1218344	""	0.205159116595215	2.75740507324415	1.77779726230578	7.31667228533489	708.210280373832	0.219653179190751	1
S__GCA_905478445.1	10	98	d__Bacteria	p__Bacteroidota	c__Bacteroidia	10	3	472876	100	TRUE	GCA_905478445.1	Core_heterotrophy	Heterotrophs	Pelagic_heterotroph	pelagic_export	O2	Tier1_kegg_present	0.99	KEGG_CORE_HET	present	1	M00307;W00008;W00010;W00011	M00307:1;W00008:0.33;W00010:0;W00011:0.75	""	TCA cycle + glycolysis	Universal heterotrophic metabolism	""	""	-0.96738496463423	1.77846510947415	1.38536522984963	7.26652789760141	114.626168224299	0.0578034682080925	0.75
S__GCA_905478615.1	10	99	d__Bacteria	p__Bacteroidota	c__Bacteroidia	23	3	1030132	100	TRUE	GCA_905478615.1	Core_heterotrophy	Heterotrophs	Pelagic_heterotroph	pelagic_export	O2	Tier1_kegg_present	0.99	KEGG_CORE_HET	present	1	M00307;W00008;W00010;W00011	M00307:1;W00008:0.33;W00010:0;W00011:0.75	""	TCA cycle + glycolysis	Universal heterotrophic metabolism	""	""	-0.471943775700997	2.15824178683768	1.48134577577208	6.78822903461908	217.308411214953	0.132947976878613	0.75
S__GCA_905480095.1	10	100	d__Bacteria	p__Bacteroidota	c__Bacteroidia	18	4	749058	100	TRUE	GCA_905480095.1	Core_heterotrophy	Heterotrophs	Pelagic_heterotroph	pelagic_export	O2	Tier1_kegg_present	0.99	KEGG_CORE_HET	present	1	M00307;W00008;W00010;W00011	M00307:1;W00008:0.33;W00010:0;W00011:0.5	""	TCA cycle + glycolysis	Universal heterotrophic metabolism	""	""	-0.629669174810262	2.33518042160607	1.58022528510118	6.63010632091349	275.495327102804	0.104046242774566	1
S__GCA_905480315.1	10	101	d__Bacteria	p__Bacteroidota	c__Bacteroidia	13	3	238275	100	TRUE	GCA_905480315.1	Particle_heterotroph	Particle-attached	Pelagic_heterotroph	particle_associated	O2	Tier1_taxonomy_conserved	0.85	GTDB_PARTICLE_HET	""		""	""	""	Polysaccharide degradation	Teeling et al. 2012 Science	10.1126/science.1218344	""	-0.844274813643552	2.09579044877195	1.50086117137574	6.27328050051658	156.780373831776	0.0751445086705202	0.75
S__GCA_905612275.1	10	102	d__Archaea	p__Thermoproteota	c__Nitrososphaeria	51	4	584716	100	TRUE	GCA_905612275.1	Nitrification_AOA	Ammonia oxidizers	Nitrifier	pelagic_export	O2	Tier1_kegg_present	0.895	KEGG_AOA_AMO	present	0.5	M00528	M00528:0.5	K10944	amoA (K10944)	Könneke et al. 2005 Nature	10.1038/nature04066	""	0.709359619714001	2.97100396262886	1.99416594746509	8.21396824030499	860.682242990654	0.294797687861272	1
S__GCA_905612295.1	10	103	d__Archaea	p__Thermoproteota	c__Nitrososphaeria	122	4	2434889	100	TRUE	GCA_905612295.1	Nitrification_AOA	Ammonia oxidizers	Nitrifier	pelagic_export	O2	Tier1_kegg_present	0.895	KEGG_AOA_AMO	present	0.5	M00528	M00528:0.5	K10944	amoA (K10944)	Könneke et al. 2005 Nature	10.1038/nature04066	""	3.70439499879754	3.81329712944623	4.16920846519704	8.49827514388444	3180.76168224299	0.705202312138728	1
S__GCA_905612305.1	10	104	d__Bacteria	p__Bacteroidota	c__Bacteroidia	24	4	619716	100	TRUE	GCA_905612305.1	Particle_heterotroph	Particle-attached	Pelagic_heterotroph	particle_associated	O2	Tier1_taxonomy_conserved	0.85	GTDB_PARTICLE_HET	""		""	""	""	Polysaccharide degradation	Teeling et al. 2012 Science	10.1126/science.1218344	""	-0.411358261469359	1.8069613084286	1.30749429845812	5.48150797664774	280.411214953271	0.138728323699422	1
S__GCA_905612365.1	10	105	d__Bacteria	p__Proteobacteria	c__Alphaproteobacteria	21	4	286491	100	TRUE	GCA_905612365.1	Core_heterotrophy	Heterotrophs	Pelagic_heterotroph	pelagic_export	O2	Tier1_kegg_present	0.99	KEGG_CORE_HET	present	1	M00307;W00008;W00010;W00011	M00307:0.67;W00008:0.33;W00010:1;W00011:0.12	""	TCA cycle + glycolysis	Universal heterotrophic metabolism	""	""	-0.528249834682068	2.11754055592556	1.46466180395563	7.29294600166172	319.836448598131	0.121387283236994	1
S__GCA_905612455.1	10	106	d__Archaea	p__Thermoproteota	c__Nitrososphaeria	98	4	1412602	100	TRUE	GCA_905612455.1	Nitrification_AOA	Ammonia oxidizers	Nitrifier	pelagic_export	O2	Tier1_kegg_present	0.895	KEGG_AOA_AMO	present	0.5	M00528	M00528:0.5	K10944	amoA (K10944)	Könneke et al. 2005 Nature	10.1038/nature04066	""	2.6618131014357	3.60662758296986	3.25966170042066	8.15382816888008	2022.04205607477	0.566473988439307	1
S__GCA_905616395.1	10	107	d__Bacteria	p__Proteobacteria	c__Alphaproteobacteria	12	2	362331	100	TRUE	GCA_905616395.1	Core_heterotrophy	Heterotrophs	Pelagic_heterotroph	pelagic_export	O2	Tier1_kegg_present	0.99	KEGG_CORE_HET	present	1	M00307;W00008;W00010;W00011	M00307:0.33;W00008:0.33;W00010:1;W00011:0.12	""	TCA cycle + glycolysis	Universal heterotrophic metabolism	""	""	-0.89720288845793	1.99096525342303	1.46543434902027	7.53327338528666	126.724299065421	0.069364161849711	0.5
S__GCA_905618915.1	10	108	d__Bacteria	p__Proteobacteria	c__Alphaproteobacteria	38	4	599668	100	TRUE	GCA_905618915.1	Core_heterotrophy	Heterotrophs	Pelagic_heterotroph	pelagic_export	O2	Tier1_kegg_present	0.99	KEGG_CORE_HET	present	1	M00307;W00008;W00010;W00011	M00307:0.33;W00008:0;W00010:1;W00011:0.5	""	TCA cycle + glycolysis	Universal heterotrophic metabolism	""	""	0.151480344294339	2.59503287281465	1.70566367118103	7.55267222821588	538.485981308411	0.219653179190751	1
S__GCA_905620445.1	10	109	d__Bacteria	p__Proteobacteria	c__Gammaproteobacteria	10	2	236746	100	TRUE	GCA_905620445.1	Pelagic_heterotroph	Heterotrophs	Pelagic_heterotroph	pelagic_export	O2	Tier1_taxonomy_conserved	0.85	GTDB_PELAGIC_HET	""		""	""	""	Core carbon metabolism	Giovannoni 2017 Annu Rev Mar Sci	10.1146/annurev-marine-010814-015934	""	-0.980083576909296	1.71210243664098	1.36292495063126	7.15414828302478	85.9299065420561	0.0578034682080925	0.5
S__GCF_002836475.1	10	110	d__Bacteria	p__Bacteroidota	c__Bacteroidia	10	2	806410	100	TRUE	GCF_002836475.1	Core_heterotrophy	Heterotrophs	Pelagic_heterotroph	pelagic_export	O2	Tier1_kegg_present	0.99	KEGG_CORE_HET	present	1	M00307;W00008;W00010;W00011	M00307:1;W00008:0.33;W00010:0;W00011:0.75	""	TCA cycle + glycolysis	Universal heterotrophic metabolism	""	""	-0.986756484876049	1.77002471550293	1.38360836845152	6.34739195869364	73.1822429906542	0.0578034682080925	0.5
S__GCF_003326015.1	10	111	d__Bacteria	p__Proteobacteria	c__Gammaproteobacteria	13	2	367624	100	TRUE	GCF_003326015.1	Core_heterotrophy	Heterotrophs	Pelagic_heterotroph	pelagic_export	O2	Tier1_kegg_present	0.99	KEGG_CORE_HET	present	1	M00307;W00008;W00010;W00011	M00307:1;W00008:0.33;W00010:0;W00011:0.38	""	TCA cycle + glycolysis	Universal heterotrophic metabolism	""	""	-0.843473538996015	2.1098764847922	1.50716919863673	6.53090303950485	162.644859813084	0.0751445086705202	0.5
S__GCF_012276695.1	10	112	d__Bacteria	p__Proteobacteria	c__Alphaproteobacteria	88	4	1924411	100	TRUE	GCF_012276695.1	Core_heterotrophy	Heterotrophs	Pelagic_heterotroph	pelagic_export	O2	Tier1_kegg_present	0.99	KEGG_CORE_HET	present	1	M00307;W00008;W00010;W00011	M00307:0.67;W00008:0.33;W00010:1;W00011:0.5	""	TCA cycle + glycolysis	Universal heterotrophic metabolism	""	""	2.16907935334778	3.27506235512169	2.7532209725462	7.58868758766755	1353.07009345794	0.508670520231214	1
S__GCF_013407165.1	10	113	d__Archaea	p__Thermoproteota	c__Nitrososphaeria	25	4	610182	100	TRUE	GCF_013407165.1	Nitrification_AOA	Ammonia oxidizers	Nitrifier	pelagic_export	O2	Tier1_kegg_present	0.895	KEGG_AOA_AMO	present	0.5	M00528	M00528:0.5	K10944	amoA (K10944)	Könneke et al. 2005 Nature	10.1038/nature04066	""	-0.37485336712985	2.30051037134274	1.53314590301709	7.90271782024413	328.752336448598	0.144508670520231	1
S__GCF_014279835.1	10	114	d__Bacteria	p__Cyanobacteria	c__Cyanobacteriia	13	4	333353	100	TRUE	GCF_014279835.1	Core_heterotrophy	Heterotrophs	Pelagic_heterotroph	pelagic_export	O2	Tier1_kegg_present	0.99	KEGG_CORE_HET	present	1	M00307;W00008;W00010;W00011	M00307:1;W00008:0.33;W00010:0;W00011:0.12	""	TCA cycle + glycolysis	Universal heterotrophic metabolism	""	""	-0.846987105275362	2.16386999823464	1.53496115990514	7.56572613752522	151.971962616822	0.0751445086705202	1
S__IMGVR_UViG_3300006310_000001	10	115	d__Viruses	p__Uroviricota	c__Caudoviricetes	11	3	30156	100	FALSE	IMGVR_UViG_3300006310_000001	Virus_modulator	Viruses	Modulator	pelagic_export	""	Tier1_taxonomy_conserved	0.9	GTDB_VIRUS_MOD	""		""	""	""	Viral genome structure	Suttle 2007 Nat Rev Microbiol; Breitbart 2012 Annu Rev Mar Sci	10.1038/nrmicro1750; 10.1146/annurev-marine-120709-142805	viral_shunt|kill_the_winner|viral_shuttle	-0.935140576300985	1.49159696344404	1.2644856438062	5.16613614977249	108.163551401869	0.0635838150289017	0.75
S__IMGVR_UViG_3300006467_000165	10	116	d__Viruses	p__Uroviricota	c__Caudoviricetes	18	4	8786	100	FALSE	IMGVR_UViG_3300006467_000165	Virus_modulator	Viruses	Modulator	pelagic_export	""	Tier1_taxonomy_conserved	0.9	GTDB_VIRUS_MOD	""		""	""	""	Viral genome structure	Suttle 2007 Nat Rev Microbiol; Breitbart 2012 Annu Rev Mar Sci	10.1038/nrmicro1750; 10.1146/annurev-marine-120709-142805	viral_shunt|kill_the_winner|viral_shuttle	-0.611339411344541	2.53306488661478	1.68427830920358	8.91421813138498	546.785046728972	0.104046242774566	1
S__IMGVR_UViG_3300009440_000004	10	117	d__Viruses	p__Uroviricota	c__Caudoviricetes	14	4	12007	100	FALSE	IMGVR_UViG_3300009440_000004	Virus_modulator	Viruses	Modulator	pelagic_export	""	Tier1_taxonomy_conserved	0.9	GTDB_VIRUS_MOD	""		""	""	""	Viral genome structure	Suttle 2007 Nat Rev Microbiol; Breitbart 2012 Annu Rev Mar Sci	10.1038/nrmicro1750; 10.1146/annurev-marine-120709-142805	viral_shunt|kill_the_winner|viral_shuttle	-0.783705779833994	2.18080617176095	1.52927426341315	9.37410872170642	263.518691588785	0.0809248554913295	1
S__IMGVR_UViG_3300009443_000008	10	118	d__Viruses	p__Uroviricota	c__Caudoviricetes	20	3	33865	100	FALSE	IMGVR_UViG_3300009443_000008	Virus_modulator	Viruses	Modulator	pelagic_export	""	Tier1_taxonomy_conserved	0.9	GTDB_VIRUS_MOD	""		""	""	""	Viral genome structure	Suttle 2007 Nat Rev Microbiol; Breitbart 2012 Annu Rev Mar Sci	10.1038/nrmicro1750; 10.1146/annurev-marine-120709-142805	viral_shunt|kill_the_winner|viral_shuttle	-0.558591239011294	2.29939977612532	1.56759012210227	7.01442558427549	296.518691588785	0.115606936416185	0.75
S__IMGVR_UViG_3300020166_000001	10	119	d__Viruses	p__Uroviricota	c__Caudoviricetes	15	2	12885	100	FALSE	IMGVR_UViG_3300020166_000001	Virus_modulator	Viruses	Modulator	pelagic_export	""	Tier1_taxonomy_conserved	0.9	GTDB_VIRUS_MOD	""		""	""	""	Viral genome structure	Suttle 2007 Nat Rev Microbiol; Breitbart 2012 Annu Rev Mar Sci	10.1038/nrmicro1750; 10.1146/annurev-marine-120709-142805	viral_shunt|kill_the_winner|viral_shuttle	-0.773348227257045	1.90289271147786	1.39966643399079	5.98186770947972	163.163551401869	0.0867052023121387	0.5
S__IMGVR_UViG_3300020166_000015	10	120	d__Viruses	p__Uroviricota	c__Caudoviricetes	43	4	73579	100	FALSE	IMGVR_UViG_3300020166_000015	Virus_modulator	Viruses	Modulator	pelagic_export	""	Tier1_taxonomy_conserved	0.9	GTDB_VIRUS_MOD	""		""	""	""	Viral genome structure	Suttle 2007 Nat Rev Microbiol; Breitbart 2012 Annu Rev Mar Sci	10.1038/nrmicro1750; 10.1146/annurev-marine-120709-142805	viral_shunt|kill_the_winner|viral_shuttle	0.308897054579847	2.56949834433263	1.71055895922772	7.05543745503219	436.5	0.248554913294798	1
S__IMGVR_UViG_3300020182_000036	10	121	d__Viruses	p__Uroviricota	c__Caudoviricetes	22	4	29152	100	FALSE	IMGVR_UViG_3300020182_000036	Virus_modulator	Viruses	Modulator	pelagic_export	""	Tier1_taxonomy_conserved	0.9	GTDB_VIRUS_MOD	""		""	""	""	Viral genome structure	Suttle 2007 Nat Rev Microbiol; Breitbart 2012 Annu Rev Mar Sci	10.1038/nrmicro1750; 10.1146/annurev-marine-120709-142805	viral_shunt|kill_the_winner|viral_shuttle	-0.452605963874584	2.18211471730858	1.48914847617774	6.90231355542993	430.453271028037	0.127167630057803	1
S__IMGVR_UViG_3300020185_000065	10	122	d__Viruses	p__Uroviricota	c__Caudoviricetes	10	3	4216	100	FALSE	IMGVR_UViG_3300020185_000065	Virus_modulator	Viruses	Modulator	pelagic_export	""	Tier1_taxonomy_conserved	0.9	GTDB_VIRUS_MOD	""		""	""	""	Viral genome structure	Suttle 2007 Nat Rev Microbiol; Breitbart 2012 Annu Rev Mar Sci	10.1038/nrmicro1750; 10.1146/annurev-marine-120709-142805	viral_shunt|kill_the_winner|viral_shuttle	-0.963745957190804	1.62513194340095	1.32237756768144	5.76636209430712	121.602803738318	0.0578034682080925	0.75
S__IMGVR_UViG_3300021087_000038	10	123	d__Viruses	p__Uroviricota	c__Caudoviricetes	10	4	1289	100	FALSE	IMGVR_UViG_3300021087_000038	Virus_modulator	Viruses	Modulator	pelagic_export	""	Tier1_taxonomy_conserved	0.9	GTDB_VIRUS_MOD	""		""	""	""	Viral genome structure	Suttle 2007 Nat Rev Microbiol; Breitbart 2012 Annu Rev Mar Sci	10.1038/nrmicro1750; 10.1146/annurev-marine-120709-142805	viral_shunt|kill_the_winner|viral_shuttle	-0.963239064015117	1.5392407253839	1.28914718073426	5.36814017459681	120.981308411215	0.0578034682080925	1
S__IMGVR_UViG_3300023238_000017	10	124	d__Viruses	p__Uroviricota	c__Caudoviricetes	10	3	3847	100	FALSE	IMGVR_UViG_3300023238_000017	Virus_modulator	Viruses	Modulator	pelagic_export	""	Tier1_taxonomy_conserved	0.9	GTDB_VIRUS_MOD	""		""	""	""	Viral genome structure	Suttle 2007 Nat Rev Microbiol; Breitbart 2012 Annu Rev Mar Sci	10.1038/nrmicro1750; 10.1146/annurev-marine-120709-142805	viral_shunt|kill_the_winner|viral_shuttle	-0.95742683650564	1.52324213854727	1.28396675892375	5.16613614977249	137.934579439252	0.0578034682080925	0.75
S__IMGVR_UViG_3300023239_000003	10	125	d__Viruses	p__Uroviricota	c__Caudoviricetes	13	4	9045	100	FALSE	IMGVR_UViG_3300023239_000003	Virus_modulator	Viruses	Modulator	pelagic_export	""	Tier1_taxonomy_conserved	0.9	GTDB_VIRUS_MOD	""		""	""	""	Viral genome structure	Suttle 2007 Nat Rev Microbiol; Breitbart 2012 Annu Rev Mar Sci	10.1038/nrmicro1750; 10.1146/annurev-marine-120709-142805	viral_shunt|kill_the_winner|viral_shuttle	-0.816615677801646	1.94531696435258	1.42677369464662	7.00034384571758	269.31308411215	0.0751445086705202	1
S__IMGVR_UViG_3300024520_000070	10	126	d__Viruses	p__Uroviricota	c__Caudoviricetes	18	4	16848	100	FALSE	IMGVR_UViG_3300024520_000070	Virus_modulator	Viruses	Modulator	pelagic_export	""	Tier1_taxonomy_conserved	0.9	GTDB_VIRUS_MOD	""		""	""	""	Viral genome structure	Suttle 2007 Nat Rev Microbiol; Breitbart 2012 Annu Rev Mar Sci	10.1038/nrmicro1750; 10.1146/annurev-marine-120709-142805	viral_shunt|kill_the_winner|viral_shuttle	-0.603828772851054	2.15302189677551	1.46335498594652	8.91753933361628	617.509345794393	0.104046242774566	1
S__IMGVR_UViG_3300025071_000006	10	127	d__Viruses	p__Uroviricota	c__Caudoviricetes	14	4	18907	100	FALSE	IMGVR_UViG_3300025071_000006	Virus_modulator	Viruses	Modulator	pelagic_export	""	Tier1_taxonomy_conserved	0.9	GTDB_VIRUS_MOD	""		""	""	""	Viral genome structure	Suttle 2007 Nat Rev Microbiol; Breitbart 2012 Annu Rev Mar Sci	10.1038/nrmicro1750; 10.1146/annurev-marine-120709-142805	viral_shunt|kill_the_winner|viral_shuttle	-0.813649425237977	2.13315913329117	1.51911698655897	7.34046451474546	153.345794392523	0.0809248554913295	1
S__IMGVR_UViG_3300025079_000001	10	128	d__Viruses	p__Uroviricota	c__Caudoviricetes	23	4	11653	100	FALSE	IMGVR_UViG_3300025079_000001	Virus_modulator	Viruses	Modulator	pelagic_export	""	Tier1_taxonomy_conserved	0.9	GTDB_VIRUS_MOD	""		""	""	""	Viral genome structure	Suttle 2007 Nat Rev Microbiol; Breitbart 2012 Annu Rev Mar Sci	10.1038/nrmicro1750; 10.1146/annurev-marine-120709-142805	viral_shunt|kill_the_winner|viral_shuttle	-0.422446189768994	2.54840247858845	1.67510397110119	7.62902682959297	386.285046728972	0.132947976878613	1
S__IMGVR_UViG_3300025296_001443	10	129	d__Viruses	p__Uroviricota	c__Caudoviricetes	12	3	5984	100	FALSE	IMGVR_UViG_3300025296_001443	Virus_modulator	Viruses	Modulator	pelagic_export	""	Tier1_taxonomy_conserved	0.9	GTDB_VIRUS_MOD	""		""	""	""	Viral genome structure	Suttle 2007 Nat Rev Microbiol; Breitbart 2012 Annu Rev Mar Sci	10.1038/nrmicro1750; 10.1146/annurev-marine-120709-142805	viral_shunt|kill_the_winner|viral_shuttle	-0.870544607110795	1.76143777488961	1.35364213622122	6.97901421249109	196.593457943925	0.069364161849711	0.75
S__IMGVR_UViG_3300025632_000006	10	130	d__Viruses	p__Uroviricota	c__Caudoviricetes	12	3	6243	100	FALSE	IMGVR_UViG_3300025632_000006	Virus_modulator	Viruses	Modulator	pelagic_export	""	Tier1_taxonomy_conserved	0.9	GTDB_VIRUS_MOD	""		""	""	""	Viral genome structure	Suttle 2007 Nat Rev Microbiol; Breitbart 2012 Annu Rev Mar Sci	10.1038/nrmicro1750; 10.1146/annurev-marine-120709-142805	viral_shunt|kill_the_winner|viral_shuttle	-0.876316572025012	1.74851981578663	1.34686500269967	6.97045945523115	224.546728971963	0.069364161849711	0.75
S__IMGVR_UViG_3300025637_000035	10	131	d__Viruses	p__Uroviricota	c__Caudoviricetes	21	3	18283	100	FALSE	IMGVR_UViG_3300025637_000035	Virus_modulator	Viruses	Modulator	pelagic_export	""	Tier1_taxonomy_conserved	0.9	GTDB_VIRUS_MOD	""		""	""	""	Viral genome structure	Suttle 2007 Nat Rev Microbiol; Breitbart 2012 Annu Rev Mar Sci	10.1038/nrmicro1750; 10.1146/annurev-marine-120709-142805	viral_shunt|kill_the_winner|viral_shuttle	-0.489772917765104	2.40216562370322	1.60583770379024	7.57738909717272	393.35046728972	0.121387283236994	0.75
S__IMGVR_UViG_3300025653_000044	10	132	d__Viruses	p__Uroviricota	c__Caudoviricetes	21	4	21024	100	FALSE	IMGVR_UViG_3300025653_000044	Virus_modulator	Viruses	Modulator	pelagic_export	""	Tier1_taxonomy_conserved	0.9	GTDB_VIRUS_MOD	""		""	""	""	Viral genome structure	Suttle 2007 Nat Rev Microbiol; Breitbart 2012 Annu Rev Mar Sci	10.1038/nrmicro1750; 10.1146/annurev-marine-120709-142805	viral_shunt|kill_the_winner|viral_shuttle	-0.514675907347892	1.95657840276592	1.38063229022878	6.96572564342574	326.976635514019	0.121387283236994	1
S__IMGVR_UViG_3300025860_000061	10	133	d__Viruses	p__Uroviricota	c__Caudoviricetes	17	2	10536	100	FALSE	IMGVR_UViG_3300025860_000061	Virus_modulator	Viruses	Modulator	pelagic_export	""	Tier1_taxonomy_conserved	0.9	GTDB_VIRUS_MOD	""		""	""	""	Viral genome structure	Suttle 2007 Nat Rev Microbiol; Breitbart 2012 Annu Rev Mar Sci	10.1038/nrmicro1750; 10.1146/annurev-marine-120709-142805	viral_shunt|kill_the_winner|viral_shuttle	-0.674100394548272	2.05527579319444	1.4536372744113	7.78164448641959	248.383177570093	0.0982658959537572	0.5
S__IMGVR_UViG_3300025869_000017	10	134	d__Viruses	p__Uroviricota	c__Caudoviricetes	32	4	33565	100	FALSE	IMGVR_UViG_3300025869_000017	Virus_modulator	Viruses	Modulator	pelagic_export	""	Tier1_taxonomy_conserved	0.9	GTDB_VIRUS_MOD	""		""	""	""	Viral genome structure	Suttle 2007 Nat Rev Microbiol; Breitbart 2012 Annu Rev Mar Sci	10.1038/nrmicro1750; 10.1146/annurev-marine-120709-142805	viral_shunt|kill_the_winner|viral_shuttle	-0.00838662908220179	2.44883811820858	1.60171871102052	6.97265371946785	713.906542056075	0.184971098265896	1
S__IMGVR_UViG_3300027687_000007	10	135	d__Viruses	p__Uroviricota	c__Caudoviricetes	65	4	58209	100	FALSE	IMGVR_UViG_3300027687_000007	Virus_modulator	Viruses	Modulator	pelagic_export	""	Tier1_taxonomy_conserved	0.9	GTDB_VIRUS_MOD	""		""	""	""	Viral genome structure	Suttle 2007 Nat Rev Microbiol; Breitbart 2012 Annu Rev Mar Sci	10.1038/nrmicro1750; 10.1146/annurev-marine-120709-142805	viral_shunt|kill_the_winner|viral_shuttle	1.2761828468689	3.21974344320145	2.31727608613415	7.7282601350164	1032.73364485981	0.375722543352601	1
S__IMGVR_UViG_3300027780_000015	10	136	d__Viruses	p__Uroviricota	c__Caudoviricetes	42	4	52654	100	FALSE	IMGVR_UViG_3300027780_000015	Virus_modulator	Viruses	Modulator	pelagic_export	""	Tier1_taxonomy_conserved	0.9	GTDB_VIRUS_MOD	""		""	""	""	Viral genome structure	Suttle 2007 Nat Rev Microbiol; Breitbart 2012 Annu Rev Mar Sci	10.1038/nrmicro1750; 10.1146/annurev-marine-120709-142805	viral_shunt|kill_the_winner|viral_shuttle	0.431227072621975	3.06282665894033	1.98010446385646	9.69430279507241	1514.22429906542	0.242774566473988	1
S__IMGVR_UViG_3300027813_000042	10	137	d__Viruses	p__Uroviricota	c__Caudoviricetes	30	4	13274	100	FALSE	IMGVR_UViG_3300027813_000042	Virus_modulator	Viruses	Modulator	pelagic_export	""	Tier1_taxonomy_conserved	0.9	GTDB_VIRUS_MOD	""		""	""	""	Viral genome structure	Suttle 2007 Nat Rev Microbiol; Breitbart 2012 Annu Rev Mar Sci	10.1038/nrmicro1750; 10.1146/annurev-marine-120709-142805	viral_shunt|kill_the_winner|viral_shuttle	-0.0882952807222247	3.06468863483453	1.97650085615193	8.30802701877701	847.556074766355	0.173410404624277	1
S__IMGVR_UViG_3300027833_000016	10	138	d__Viruses	p__Uroviricota	c__Caudoviricetes	23	4	77055	100	FALSE	IMGVR_UViG_3300027833_000016	Virus_modulator	Viruses	Modulator	pelagic_export	""	Tier1_taxonomy_conserved	0.9	GTDB_VIRUS_MOD	""		""	""	""	Viral genome structure	Suttle 2007 Nat Rev Microbiol; Breitbart 2012 Annu Rev Mar Sci	10.1038/nrmicro1750; 10.1146/annurev-marine-120709-142805	viral_shunt|kill_the_winner|viral_shuttle	-0.445871041644386	1.9649651457016	1.38278315592608	7.01827593589689	290.158878504673	0.132947976878613	1
S__IMGVR_UViG_3300027833_000046	10	139	d__Viruses	p__Uroviricota	c__Caudoviricetes	20	4	13893	100	FALSE	IMGVR_UViG_3300027833_000046	Virus_modulator	Viruses	Modulator	pelagic_export	""	Tier1_taxonomy_conserved	0.9	GTDB_VIRUS_MOD	""		""	""	""	Viral genome structure	Suttle 2007 Nat Rev Microbiol; Breitbart 2012 Annu Rev Mar Sci	10.1038/nrmicro1750; 10.1146/annurev-marine-120709-142805	viral_shunt|kill_the_winner|viral_shuttle	-0.558479993404499	2.42335603921656	1.63111596605776	7.3804185184498	283.967289719626	0.115606936416185	1
S__IMGVR_UViG_3300027861_000023	10	140	d__Viruses	p__Uroviricota	c__Caudoviricetes	15	2	8274	100	FALSE	IMGVR_UViG_3300027861_000023	Virus_modulator	Viruses	Modulator	pelagic_export	""	Tier1_taxonomy_conserved	0.9	GTDB_VIRUS_MOD	""		""	""	""	Viral genome structure	Suttle 2007 Nat Rev Microbiol; Breitbart 2012 Annu Rev Mar Sci	10.1038/nrmicro1750; 10.1146/annurev-marine-120709-142805	viral_shunt|kill_the_winner|viral_shuttle	-0.776807871934014	1.79537388488542	1.34974441358486	6.77261373497512	154.967289719626	0.0867052023121387	0.5
S__IMGVR_UViG_3300028198_000003	10	141	d__Viruses	p__Uroviricota	c__Caudoviricetes	17	3	8855	100	FALSE	IMGVR_UViG_3300028198_000003	Virus_modulator	Viruses	Modulator	pelagic_export	""	Tier1_taxonomy_conserved	0.9	GTDB_VIRUS_MOD	""		""	""	""	Viral genome structure	Suttle 2007 Nat Rev Microbiol; Breitbart 2012 Annu Rev Mar Sci	10.1038/nrmicro1750; 10.1146/annurev-marine-120709-142805	viral_shunt|kill_the_winner|viral_shuttle	-0.667378645835892	1.8326999692802	1.35343258640109	6.25561057897604	282.504672897196	0.0982658959537572	0.75
S__IMGVR_UViG_3300028535_000001	10	142	d__Viruses	p__Uroviricota	c__Caudoviricetes	30	4	70411	100	FALSE	IMGVR_UViG_3300028535_000001	Virus_modulator	Viruses	Modulator	pelagic_export	""	Tier1_taxonomy_conserved	0.9	GTDB_VIRUS_MOD	""		""	""	""	Viral genome structure	Suttle 2007 Nat Rev Microbiol; Breitbart 2012 Annu Rev Mar Sci	10.1038/nrmicro1750; 10.1146/annurev-marine-120709-142805	viral_shunt|kill_the_winner|viral_shuttle	-0.117827496754721	2.40505432046511	1.59083782348555	7.21184026611604	685.57476635514	0.173410404624277	1
S__IMGVR_UViG_3300031519_000018	10	143	d__Viruses	p__Uroviricota	c__Caudoviricetes	23	4	24179	100	FALSE	IMGVR_UViG_3300031519_000018	Virus_modulator	Viruses	Modulator	pelagic_export	""	Tier1_taxonomy_conserved	0.9	GTDB_VIRUS_MOD	""		""	""	""	Viral genome structure	Suttle 2007 Nat Rev Microbiol; Breitbart 2012 Annu Rev Mar Sci	10.1038/nrmicro1750; 10.1146/annurev-marine-120709-142805	viral_shunt|kill_the_winner|viral_shuttle	-0.4113673287661	2.26277878401571	1.50018612664661	7.4457675185436	548.560747663551	0.132947976878613	1
S__IMGVR_UViG_3300031687_001020	10	144	d__Viruses	p__Uroviricota	c__Caudoviricetes	18	2	39147	100	FALSE	IMGVR_UViG_3300031687_001020	Virus_modulator	Viruses	Modulator	pelagic_export	""	Tier1_taxonomy_conserved	0.9	GTDB_VIRUS_MOD	""		""	""	""	Viral genome structure	Suttle 2007 Nat Rev Microbiol; Breitbart 2012 Annu Rev Mar Sci	10.1038/nrmicro1750; 10.1146/annurev-marine-120709-142805	viral_shunt|kill_the_winner|viral_shuttle	-0.666499127804945	1.89761480100458	1.38132801873301	6.52718038113994	171.38785046729	0.104046242774566	0.5
S__IMGVR_UViG_3300031688_001339	10	145	d__Viruses	p__Uroviricota	c__Caudoviricetes	10	2	30368	100	FALSE	IMGVR_UViG_3300031688_001339	Virus_modulator	Viruses	Modulator	pelagic_export	""	Tier1_taxonomy_conserved	0.9	GTDB_VIRUS_MOD	""		""	""	""	Viral genome structure	Suttle 2007 Nat Rev Microbiol; Breitbart 2012 Annu Rev Mar Sci	10.1038/nrmicro1750; 10.1146/annurev-marine-120709-142805	viral_shunt|kill_the_winner|viral_shuttle	-0.98227426990716	1.89295587039548	1.44261427143493	7.02626420638079	83.7803738317757	0.0578034682080925	0.5
S__IMGVR_UViG_3300035195_000275	10	146	d__Viruses	p__Uroviricota	c__Caudoviricetes	23	4	12343	100	FALSE	IMGVR_UViG_3300035195_000275	Virus_modulator	Viruses	Modulator	pelagic_export	""	Tier1_taxonomy_conserved	0.9	GTDB_VIRUS_MOD	""		""	""	""	Viral genome structure	Suttle 2007 Nat Rev Microbiol; Breitbart 2012 Annu Rev Mar Sci	10.1038/nrmicro1750; 10.1146/annurev-marine-120709-142805	viral_shunt|kill_the_winner|viral_shuttle	-0.396536357896427	2.51974663086622	1.64878366793954	7.83567739456393	503.373831775701	0.132947976878613	1
S__IMGVR_UViG_3300037585_000783	10	147	d__Viruses	p__Uroviricota	c__Caudoviricetes	10	2	2858	100	FALSE	IMGVR_UViG_3300037585_000783	Virus_modulator	Viruses	Modulator	pelagic_export	""	Tier1_taxonomy_conserved	0.9	GTDB_VIRUS_MOD	""		""	""	""	Viral genome structure	Suttle 2007 Nat Rev Microbiol; Breitbart 2012 Annu Rev Mar Sci	10.1038/nrmicro1750; 10.1146/annurev-marine-120709-142805	viral_shunt|kill_the_winner|viral_shuttle	-0.938125256371191	2.00122391448693	1.4675820778391	7.11912292969914	231.11214953271	0.0578034682080925	0.5
S__IMGVR_UViG_3300038315_000065	10	148	d__Viruses	p__Uroviricota	c__Caudoviricetes	28	4	14771	100	FALSE	IMGVR_UViG_3300038315_000065	Virus_modulator	Viruses	Modulator	pelagic_export	""	Tier1_taxonomy_conserved	0.9	GTDB_VIRUS_MOD	""		""	""	""	Viral genome structure	Suttle 2007 Nat Rev Microbiol; Breitbart 2012 Annu Rev Mar Sci	10.1038/nrmicro1750; 10.1146/annurev-marine-120709-142805	viral_shunt|kill_the_winner|viral_shuttle	-0.152508137372656	2.54064491609118	1.63881734236999	8.76804261509336	1032.17289719626	0.161849710982659	1
S__IMGVR_UViG_3300046168_000044	10	149	d__Viruses	p__Nucleocytoviricota	c__Megaviricetes	13	4	19976	100	FALSE	IMGVR_UViG_3300046168_000044	Virus_modulator	Viruses	Modulator	pelagic_export	""	Tier1_taxonomy_conserved	0.9	GTDB_VIRUS_MOD	""		""	""	""	Viral genome structure	Suttle 2007 Nat Rev Microbiol; Breitbart 2012 Annu Rev Mar Sci	10.1038/nrmicro1750; 10.1146/annurev-marine-120709-142805	viral_shunt|kill_the_winner|viral_shuttle	-0.847715825219321	2.14323100940701	1.52676894826099	7.46952449363462	164.873831775701	0.0751445086705202	1
S__IMGVR_UViG_3300046532_001046	10	150	d__Viruses	p__Uroviricota	c__Caudoviricetes	11	3	5320	100	FALSE	IMGVR_UViG_3300046532_001046	Virus_modulator	Viruses	Modulator	pelagic_export	""	Tier1_taxonomy_conserved	0.9	GTDB_VIRUS_MOD	""		""	""	""	Viral genome structure	Suttle 2007 Nat Rev Microbiol; Breitbart 2012 Annu Rev Mar Sci	10.1038/nrmicro1750; 10.1146/annurev-marine-120709-142805	viral_shunt|kill_the_winner|viral_shuttle	-0.92992909456028	1.49012954982658	1.26281006865467	5.16613614977249	120.238317757009	0.0635838150289017	0.75
S__IMGVR_UViG_3300047157_000078	10	151	d__Viruses	p__Uroviricota	c__Caudoviricetes	30	4	46211	100	FALSE	IMGVR_UViG_3300047157_000078	Virus_modulator	Viruses	Modulator	pelagic_export	""	Tier1_taxonomy_conserved	0.9	GTDB_VIRUS_MOD	""		""	""	""	Viral genome structure	Suttle 2007 Nat Rev Microbiol; Breitbart 2012 Annu Rev Mar Sci	10.1038/nrmicro1750; 10.1146/annurev-marine-120709-142805	viral_shunt|kill_the_winner|viral_shuttle	-0.0906498118038452	2.47824075872635	1.62203344729434	8.04858091865348	798.560747663551	0.173410404624277	1
S__IMGVR_UViG_3300049783_000307	10	152	d__Viruses	p__Uroviricota	c__Caudoviricetes	11	3	4666	100	FALSE	IMGVR_UViG_3300049783_000307	Virus_modulator	Viruses	Modulator	pelagic_export	""	Tier1_taxonomy_conserved	0.9	GTDB_VIRUS_MOD	""		""	""	""	Viral genome structure	Suttle 2007 Nat Rev Microbiol; Breitbart 2012 Annu Rev Mar Sci	10.1038/nrmicro1750; 10.1146/annurev-marine-120709-142805	viral_shunt|kill_the_winner|viral_shuttle	-0.876345843161545	2.53293418517857	1.70629284390298	8.98773751767546	397.31308411215	0.0635838150289017	0.75
S__IMGVR_UViG_GVMAG-M-3300025652-16_000001	10	153	d__Viruses	p__Nucleocytoviricota	c__Megaviricetes	32	4	81445	100	FALSE	IMGVR_UViG_GVMAG-M-3300025652-16_000001	Virus_modulator	Viruses	Modulator	pelagic_export	""	Tier1_taxonomy_conserved	0.9	GTDB_VIRUS_MOD	""		""	""	""	Viral genome structure	Suttle 2007 Nat Rev Microbiol; Breitbart 2012 Annu Rev Mar Sci	10.1038/nrmicro1750; 10.1146/annurev-marine-120709-142805	viral_shunt|kill_the_winner|viral_shuttle	-0.0758179693750774	2.62424712723168	1.71179702992273	7.51339139323946	593.252336448598	0.184971098265896	1
S__IMGVR_UViG_GVMAG-S-1102114-126_000001	10	154	d__Viruses	p__Nucleocytoviricota	c__Megaviricetes	22	4	43509	100	FALSE	IMGVR_UViG_GVMAG-S-1102114-126_000001	Virus_modulator	Viruses	Modulator	pelagic_export	""	Tier1_taxonomy_conserved	0.9	GTDB_VIRUS_MOD	""		""	""	""	Viral genome structure	Suttle 2007 Nat Rev Microbiol; Breitbart 2012 Annu Rev Mar Sci	10.1038/nrmicro1750; 10.1146/annurev-marine-120709-142805	viral_shunt|kill_the_winner|viral_shuttle	-0.514592679508075	1.97884868218184	1.40136635518773	6.69627899451677	208.81308411215	0.127167630057803	1
S__IMGVR_UViG_GVMAG-S-ERX556030-34_000001	10	155	d__Viruses	p__Nucleocytoviricota	c__Megaviricetes	12	2	32185	100	FALSE	IMGVR_UViG_GVMAG-S-ERX556030-34_000001	Virus_modulator	Viruses	Modulator	pelagic_export	""	Tier1_taxonomy_conserved	0.9	GTDB_VIRUS_MOD	""		""	""	""	Viral genome structure	Suttle 2007 Nat Rev Microbiol; Breitbart 2012 Annu Rev Mar Sci	10.1038/nrmicro1750; 10.1146/annurev-marine-120709-142805	viral_shunt|kill_the_winner|viral_shuttle	-0.887818682583708	1.99784366100853	1.46342046241949	6.1445629697387	136.369158878505	0.069364161849711	0.5
S__IMGVR_UViG_GVMAG-S-ERX556043-36_000001	10	156	d__Viruses	p__Nucleocytoviricota	c__Megaviricetes	16	4	163679	100	FALSE	IMGVR_UViG_GVMAG-S-ERX556043-36_000001	Virus_modulator	Viruses	Modulator	pelagic_export	""	Tier1_taxonomy_conserved	0.9	GTDB_VIRUS_MOD	""		""	""	""	Viral genome structure	Suttle 2007 Nat Rev Microbiol; Breitbart 2012 Annu Rev Mar Sci	10.1038/nrmicro1750; 10.1146/annurev-marine-120709-142805	viral_shunt|kill_the_winner|viral_shuttle	-0.712877702615662	1.75703291303389	1.32744085069048	6.215814645717	230.616822429907	0.092485549132948	1
S__Phycodnaviridae_HM004430_Bathycoccus_sp_RCC1105_virus_BpV2	10	157	d__Viruses	p__Nucleocytoviricota	c__Megaviricetes	24	4	49503	100	FALSE	Phycodnaviridae_HM004430_Bathycoccus_sp_RCC1105_virus_BpV2	Virus_modulator	Viruses	Modulator	pelagic_export	""	Tier1_taxonomy_conserved	0.9	GTDB_VIRUS_MOD	""		""	""	""	Viral genome structure	Suttle 2007 Nat Rev Microbiol; Breitbart 2012 Annu Rev Mar Sci	10.1038/nrmicro1750; 10.1146/annurev-marine-120709-142805	viral_shunt|kill_the_winner|viral_shuttle	-0.428067585915362	2.46816057650216	1.64536979701857	7.81975333753227	265.191588785047	0.138728323699422	1
S__Schulz_GVMAG_M_3300025652_16	10	158	d__Viruses	p__Nucleocytoviricota	c__Megaviricetes	39	4	115188	100	FALSE	Schulz_GVMAG_M_3300025652_16	Virus_modulator	Viruses	Modulator	pelagic_export	""	Tier1_taxonomy_conserved	0.9	GTDB_VIRUS_MOD	""		""	""	""	Viral genome structure	Suttle 2007 Nat Rev Microbiol; Breitbart 2012 Annu Rev Mar Sci	10.1038/nrmicro1750; 10.1146/annurev-marine-120709-142805	viral_shunt|kill_the_winner|viral_shuttle	0.221420531271959	3.10920090787225	2.02175355145188	8.45978819479348	706.728971962617	0.225433526011561	1
S__Schulz_GVMAG_S_1024967_63	10	159	d__Viruses	p__Nucleocytoviricota	c__Megaviricetes	12	2	23709	100	FALSE	Schulz_GVMAG_S_1024967_63	Virus_modulator	Viruses	Modulator	pelagic_export	""	Tier1_taxonomy_conserved	0.9	GTDB_VIRUS_MOD	""		""	""	""	Viral genome structure	Suttle 2007 Nat Rev Microbiol; Breitbart 2012 Annu Rev Mar Sci	10.1038/nrmicro1750; 10.1146/annurev-marine-120709-142805	viral_shunt|kill_the_winner|viral_shuttle	-0.90100227100414	2.06949663415947	1.50571979799884	7.13238307550873	106.677570093458	0.069364161849711	0.5
S__Schulz_GVMAG_S_1102104_120	10	160	d__Viruses	p__Nucleocytoviricota	c__Megaviricetes	13	2	45686	100	FALSE	Schulz_GVMAG_S_1102104_120	Virus_modulator	Viruses	Modulator	pelagic_export	""	Tier1_taxonomy_conserved	0.9	GTDB_VIRUS_MOD	""		""	""	""	Viral genome structure	Suttle 2007 Nat Rev Microbiol; Breitbart 2012 Annu Rev Mar Sci	10.1038/nrmicro1750; 10.1146/annurev-marine-120709-142805	viral_shunt|kill_the_winner|viral_shuttle	-0.851573113791573	1.68454827552764	1.32274206966586	6.45207725519885	146.009345794393	0.0751445086705202	0.5
S__Schulz_GVMAG_S_1102114_126	10	161	d__Viruses	p__Nucleocytoviricota	c__Megaviricetes	13	3	37054	100	FALSE	Schulz_GVMAG_S_1102114_126	Virus_modulator	Viruses	Modulator	pelagic_export	""	Tier1_taxonomy_conserved	0.9	GTDB_VIRUS_MOD	""		""	""	""	Viral genome structure	Suttle 2007 Nat Rev Microbiol; Breitbart 2012 Annu Rev Mar Sci	10.1038/nrmicro1750; 10.1146/annurev-marine-120709-142805	viral_shunt|kill_the_winner|viral_shuttle	-0.867121195328789	1.99912070410597	1.4676339560171	7.06051268182646	115.771028037383	0.0751445086705202	0.75
S__TARA_ARC_108_MAG_00021	10	162	d__Bacteria	p__Actinobacteriota	c__Acidimicrobiia	37	4	1256797	100	TRUE	TARA_ARC_108_MAG_00021	Core_heterotrophy	Heterotrophs	Heterotroph_general	uncertain	O2	Tier2_taxonomy_broad	0.7	GTDB_CORE_HET	""		""	""	""	TCA cycle + glycolysis	Universal heterotrophic metabolism	""	""	0.143682752728834	2.53117715792966	1.66860198790872	7.19520165701338	703	0.213872832369942	1
S__TARA_ARC_108_MAG_00099	10	163	d__Bacteria	p__Bacteroidota	c__Bacteroidia	26	4	632204	100	TRUE	TARA_ARC_108_MAG_00099	Particle_heterotroph	Particle-attached	Pelagic_heterotroph	particle_associated	O2	Tier1_taxonomy_conserved	0.85	GTDB_PARTICLE_HET	""		""	""	""	Polysaccharide degradation	Teeling et al. 2012 Science	10.1126/science.1218344	""	-0.338791722884599	1.98409072432257	1.38550044220467	6.81233903764805	295.102803738318	0.15028901734104	1
S__TARA_ARC_108_MAG_00146	10	164	d__Bacteria	p__Verrucomicrobiota	c__Verrucomicrobiae	18	4	1437446	100	TRUE	TARA_ARC_108_MAG_00146	Particle_heterotroph	Particle-attached	Pelagic_heterotroph	particle_associated	O2	Tier1_taxonomy_conserved	0.85	GTDB_PARTICLE_HET	""		""	""	""	Polysaccharide degradation	Teeling et al. 2012 Science	10.1126/science.1218344	""	-0.645599505315364	1.7094004293775	1.296435472002	5.35579705998883	222.056074766355	0.104046242774566	1
S__TARA_ARC_108_MAG_00181	10	165	d__Bacteria	p__Proteobacteria	c__Gammaproteobacteria	15	3	220412	100	TRUE	TARA_ARC_108_MAG_00181	Pelagic_heterotroph	Heterotrophs	Pelagic_heterotroph	pelagic_export	O2	Tier1_taxonomy_conserved	0.85	GTDB_PELAGIC_HET	""		""	""	""	Core carbon metabolism	Giovannoni 2017 Annu Rev Mar Sci	10.1146/annurev-marine-010814-015934	""	-0.757915066020303	2.1916755876785	1.53083973877613	6.55559790481204	205.985981308411	0.0867052023121387	0.75
S__TARA_ARC_NCLDV_00033	10	166	d__Viruses	p__Nucleocytoviricota	c__Megaviricetes	19	3	164263	100	FALSE	TARA_ARC_NCLDV_00033	Virus_modulator	Viruses	Modulator	pelagic_export	""	Tier1_taxonomy_conserved	0.9	GTDB_VIRUS_MOD	""		""	""	""	Viral genome structure	Suttle 2007 Nat Rev Microbiol; Breitbart 2012 Annu Rev Mar Sci	10.1038/nrmicro1750; 10.1146/annurev-marine-120709-142805	viral_shunt|kill_the_winner|viral_shuttle	-0.615070940362767	1.879037659084	1.36427205625802	6.72057288741211	207.789719626168	0.109826589595376	0.75
S__TARA_ARC_NCLDV_00036	10	167	d__Viruses	p__Nucleocytoviricota	c__Megaviricetes	14	2	39890	100	FALSE	TARA_ARC_NCLDV_00036	Virus_modulator	Viruses	Modulator	pelagic_export	""	Tier1_taxonomy_conserved	0.9	GTDB_VIRUS_MOD	""		""	""	""	Viral genome structure	Suttle 2007 Nat Rev Microbiol; Breitbart 2012 Annu Rev Mar Sci	10.1038/nrmicro1750; 10.1146/annurev-marine-120709-142805	viral_shunt|kill_the_winner|viral_shuttle	-0.801969275052287	2.23600041793263	1.55776457337397	7.12294921811774	203.345794392523	0.0809248554913295	0.5
S__TARA_ARC_NCLDV_00127	10	168	d__Viruses	p__Nucleocytoviricota	c__Megaviricetes	16	4	18637	100	FALSE	TARA_ARC_NCLDV_00127	Virus_modulator	Viruses	Modulator	pelagic_export	""	Tier1_taxonomy_conserved	0.9	GTDB_VIRUS_MOD	""		""	""	""	Viral genome structure	Suttle 2007 Nat Rev Microbiol; Breitbart 2012 Annu Rev Mar Sci	10.1038/nrmicro1750; 10.1146/annurev-marine-120709-142805	viral_shunt|kill_the_winner|viral_shuttle	-0.719894632470208	2.20678922997878	1.53033972874808	6.81849027422827	215.261682242991	0.092485549132948	1
S__TARA_ARC_NCLDV_00176	10	169	d__Viruses	p__Nucleocytoviricota	c__Megaviricetes	14	2	13264	100	FALSE	TARA_ARC_NCLDV_00176	Virus_modulator	Viruses	Modulator	pelagic_export	""	Tier1_taxonomy_conserved	0.9	GTDB_VIRUS_MOD	""		""	""	""	Viral genome structure	Suttle 2007 Nat Rev Microbiol; Breitbart 2012 Annu Rev Mar Sci	10.1038/nrmicro1750; 10.1146/annurev-marine-120709-142805	viral_shunt|kill_the_winner|viral_shuttle	-0.817093274930774	1.76163939561638	1.33914145437611	7.3368817164899	161.439252336449	0.0809248554913295	0.5
S__TARA_ARC_NCLDV_00188	10	170	d__Viruses	p__Nucleocytoviricota	c__Megaviricetes	39	4	17729	100	FALSE	TARA_ARC_NCLDV_00188	Virus_modulator	Viruses	Modulator	pelagic_export	""	Tier1_taxonomy_conserved	0.9	GTDB_VIRUS_MOD	""		""	""	""	Viral genome structure	Suttle 2007 Nat Rev Microbiol; Breitbart 2012 Annu Rev Mar Sci	10.1038/nrmicro1750; 10.1146/annurev-marine-120709-142805	viral_shunt|kill_the_winner|viral_shuttle	0.211540558880166	2.85453257211879	1.85642260603093	7.63224420618698	607.163551401869	0.225433526011561	1
S__TARA_SOC_28_MAG_00007	10	171	d__Bacteria	p__Proteobacteria	c__Gammaproteobacteria	10	2	911492	100	TRUE	TARA_SOC_28_MAG_00007	Pelagic_heterotroph	Heterotrophs	Pelagic_heterotroph	pelagic_export	O2	Tier1_taxonomy_conserved	0.85	GTDB_PELAGIC_HET	""		""	""	""	Core carbon metabolism	Giovannoni 2017 Annu Rev Mar Sci	10.1146/annurev-marine-010814-015934	""	-0.97323139697622	1.47088276627565	1.26578377522923	5.16613614977249	98.0934579439252	0.0578034682080925	0.5
S__TARA_SOC_28_MAG_00016	10	172	d__Bacteria	p__Bacteroidota	c__Bacteroidia	21	3	1167771	100	TRUE	TARA_SOC_28_MAG_00016	Core_heterotrophy	Heterotrophs	Pelagic_heterotroph	pelagic_export	O2	Tier1_kegg_present	0.99	KEGG_CORE_HET	present	1	M00307;W00008;W00010;W00011	M00307:1;W00008:0.33;W00010:0;W00011:0.62	""	TCA cycle + glycolysis	Universal heterotrophic metabolism	""	""	-0.541165302088414	1.74739232435917	1.29658441969067	5.63147415332193	218.130841121495	0.121387283236994	0.75
S__TARA_SOC_NCLDV_00026	10	173	d__Viruses	p__Nucleocytoviricota	c__Megaviricetes	140	4	190173	100	FALSE	TARA_SOC_NCLDV_00026	Virus_modulator	Viruses	Modulator	pelagic_export	""	Tier1_taxonomy_conserved	0.9	GTDB_VIRUS_MOD	""		""	""	""	Viral genome structure	Suttle 2007 Nat Rev Microbiol; Breitbart 2012 Annu Rev Mar Sci	10.1038/nrmicro1750; 10.1146/annurev-marine-120709-142805	viral_shunt|kill_the_winner|viral_shuttle	4.49283224584215	3.88137148897977	4.93730638883293	9.13540665690676	3266.53738317757	0.809248554913295	1
