name	domain	phylum	class	n_samples	n_cores	total_reads	pct_damaged	has_kegg	genome_id	functional_group	display_category	ecological_role	signal_source	tea_primary	guild_tier	confidence_score	assignment_rule_id	kegg_state	group_completeness	modules_scored	module_completeness_detail	markers_detected	marker_gene_names	key_reference	doi	virus_role
S__GCA_016838795.1	d__Archaea	p__Thermoproteota	c__Nitrososphaeria	436	5	3295789	100	TRUE	GCA_016838795.1	Nitrification_AOA	Ammonia oxidizers	Nitrifier	pelagic_export	O2	Tier1_kegg_present	0.895	KEGG_AOA_AMO	present	0.5	M00528	M00528:0.5	K10944	amoA (K10944)	Könneke et al. 2005 Nature	10.1038/nature04066	""
S__GCA_001543015.1	d__Archaea	p__Thermoproteota	c__Nitrososphaeria	463	5	5205072	100	TRUE	GCA_001543015.1	Nitrification_AOA	Ammonia oxidizers	Nitrifier	pelagic_export	O2	Tier1_kegg_present	0.895	KEGG_AOA_AMO	present	0.5	M00528	M00528:0.5	K10944	amoA (K10944)	Könneke et al. 2005 Nature	10.1038/nature04066	""
S__GCA_016838825.1	d__Archaea	p__Thermoproteota	c__Nitrososphaeria	375	5	841098	100	TRUE	GCA_016838825.1	Nitrification_AOA	Ammonia oxidizers	Nitrifier	pelagic_export	O2	Tier1_kegg_present	0.895	KEGG_AOA_AMO	present	0.5	M00528	M00528:0.5	K10944	amoA (K10944)	Könneke et al. 2005 Nature	10.1038/nature04066	""
S__3300024431_33	d__Bacteria	p__Actinobacteriota	c__Acidimicrobiia	455	5	1621598	100	TRUE	3300024431_33	Core_heterotrophy	Heterotrophs	Heterotroph_general	uncertain	O2	Tier2_taxonomy_broad	0.7	GTDB_CORE_HET	""		""	""	""	TCA cycle + glycolysis	Universal heterotrophic metabolism	""	""
S__Schulz_GVMAG_M_3300025652_16	d__Viruses	p__Nucleocytoviricota	c__Megaviricetes	189	5	115188	100	FALSE	Schulz_GVMAG_M_3300025652_16	Virus_modulator	Viruses	Modulator	pelagic_export	""	Tier1_taxonomy_conserved	0.9	GTDB_VIRUS_MOD	""		""	""	""	Viral genome structure	Suttle 2007 Nat Rev Microbiol; Breitbart 2012 Annu Rev Mar Sci	10.1038/nrmicro1750; 10.1146/annurev-marine-120709-142805	viral_shunt|kill_the_winner|viral_shuttle
S__GCA_016777225.1	d__Archaea	p__Thermoplasmatota	c__Poseidoniia	479	5	1246126	100	TRUE	GCA_016777225.1	Pelagic_heterotroph_MGII	Heterotrophs	Pelagic_heterotroph	pelagic_export	O2	Tier1_taxonomy_conserved	0.85	GTDB_MGII	""		""	""	""	GTDB c__Poseidoniia	Rinke et al. 2019 ISME J; Zhang et al. 2015 Front Microbiol	10.1038/s41396-018-0282-y; 10.3389/fmicb.2015.01108	""
S__GCA_002317795.1	d__Archaea	p__Thermoproteota	c__Nitrososphaeria	412	5	1004599	100	TRUE	GCA_002317795.1	Nitrification_AOA	Ammonia oxidizers	Nitrifier	pelagic_export	O2	Tier1_kegg_present	0.895	KEGG_AOA_AMO	present	0.5	M00528	M00528:0.5	K10944	amoA (K10944)	Könneke et al. 2005 Nature	10.1038/nature04066	""
S__IMGVR_UViG_3300027813_000042	d__Viruses	p__Uroviricota	c__Caudoviricetes	47	5	13274	100	FALSE	IMGVR_UViG_3300027813_000042	Virus_modulator	Viruses	Modulator	pelagic_export	""	Tier1_taxonomy_conserved	0.9	GTDB_VIRUS_MOD	""		""	""	""	Viral genome structure	Suttle 2007 Nat Rev Microbiol; Breitbart 2012 Annu Rev Mar Sci	10.1038/nrmicro1750; 10.1146/annurev-marine-120709-142805	viral_shunt|kill_the_winner|viral_shuttle
S__GCA_001542995.1	d__Bacteria	p__Nitrospinota	c__Nitrospinia	403	5	823119	100	TRUE	GCA_001542995.1	Nitrite_oxidation_NOB	Nitrite oxidizers	Nitrifier	pelagic_export	O2	Tier1_taxonomy_conserved	0.85	GTDB_NOB	""		""	""	""	nxrA/nxrB (K00370/K00371)	Daims et al. 2015 Nature; Koch et al. 2015 PNAS	10.1038/nature16461; 10.1073/pnas.1506533112	""
S__IMGVR_UViG_3300027687_000007	d__Viruses	p__Uroviricota	c__Caudoviricetes	142	5	58209	100	FALSE	IMGVR_UViG_3300027687_000007	Virus_modulator	Viruses	Modulator	pelagic_export	""	Tier1_taxonomy_conserved	0.9	GTDB_VIRUS_MOD	""		""	""	""	Viral genome structure	Suttle 2007 Nat Rev Microbiol; Breitbart 2012 Annu Rev Mar Sci	10.1038/nrmicro1750; 10.1146/annurev-marine-120709-142805	viral_shunt|kill_the_winner|viral_shuttle
S__3300027847_80	d__Archaea	p__Thermoplasmatota	c__Poseidoniia	466	5	939263	100	TRUE	3300027847_80	Pelagic_heterotroph_MGII	Heterotrophs	Pelagic_heterotroph	pelagic_export	O2	Tier1_taxonomy_conserved	0.85	GTDB_MGII	""		""	""	""	GTDB c__Poseidoniia	Rinke et al. 2019 ISME J; Zhang et al. 2015 Front Microbiol	10.1038/s41396-018-0282-y; 10.3389/fmicb.2015.01108	""
S__IMGVR_UViG_GVMAG-M-3300025652-16_000001	d__Viruses	p__Nucleocytoviricota	c__Megaviricetes	146	5	81445	100	FALSE	IMGVR_UViG_GVMAG-M-3300025652-16_000001	Virus_modulator	Viruses	Modulator	pelagic_export	""	Tier1_taxonomy_conserved	0.9	GTDB_VIRUS_MOD	""		""	""	""	Viral genome structure	Suttle 2007 Nat Rev Microbiol; Breitbart 2012 Annu Rev Mar Sci	10.1038/nrmicro1750; 10.1146/annurev-marine-120709-142805	viral_shunt|kill_the_winner|viral_shuttle
S__Schulz_GVMAG_S_1024967_63	d__Viruses	p__Nucleocytoviricota	c__Megaviricetes	81	5	23709	100	FALSE	Schulz_GVMAG_S_1024967_63	Virus_modulator	Viruses	Modulator	pelagic_export	""	Tier1_taxonomy_conserved	0.9	GTDB_VIRUS_MOD	""		""	""	""	Viral genome structure	Suttle 2007 Nat Rev Microbiol; Breitbart 2012 Annu Rev Mar Sci	10.1038/nrmicro1750; 10.1146/annurev-marine-120709-142805	viral_shunt|kill_the_winner|viral_shuttle
S__3300026253_28	d__Bacteria	p__Acidobacteriota	c__UBA6911	519	5	2543907	100	TRUE	3300026253_28	Core_heterotrophy	Heterotrophs	Pelagic_heterotroph	pelagic_export	O2	Tier1_kegg_present	0.99	KEGG_CORE_HET	present	1	M00307;W00008;W00010;W00011	M00307:1;W00008:0.67;W00010:0;W00011:0.38	""	TCA cycle + glycolysis	Universal heterotrophic metabolism	""	""
S__GCA_001643535.1	d__Bacteria	p__Methylomirabilota	c__Methylomirabilia	285	5	900448	100	TRUE	GCA_001643535.1	Core_heterotrophy	Heterotrophs	Pelagic_heterotroph	pelagic_export	O2	Tier1_kegg_present	0.99	KEGG_CORE_HET	present	1	M00307;W00008;W00010;W00011	M00307:1;W00008:0.33;W00010:0;W00011:0.12	""	TCA cycle + glycolysis	Universal heterotrophic metabolism	""	""
S__IMGVR_UViG_3300027780_000015	d__Viruses	p__Uroviricota	c__Caudoviricetes	81	5	52654	100	FALSE	IMGVR_UViG_3300027780_000015	Virus_modulator	Viruses	Modulator	pelagic_export	""	Tier1_taxonomy_conserved	0.9	GTDB_VIRUS_MOD	""		""	""	""	Viral genome structure	Suttle 2007 Nat Rev Microbiol; Breitbart 2012 Annu Rev Mar Sci	10.1038/nrmicro1750; 10.1146/annurev-marine-120709-142805	viral_shunt|kill_the_winner|viral_shuttle
S__3300026264_34	d__Archaea	p__Thermoproteota	c__Nitrososphaeria	487	5	2981338	100	TRUE	3300026264_34	Nitrification_AOA	Ammonia oxidizers	Nitrifier	pelagic_export	O2	Tier1_kegg_present	0.895	KEGG_AOA_AMO	present	0.5	M00528	M00528:0.5	K10944	amoA (K10944)	Könneke et al. 2005 Nature	10.1038/nature04066	""
S__GCA_002499015.1	d__Archaea	p__Thermoplasmatota	c__Poseidoniia	484	5	1360969	100	TRUE	GCA_002499015.1	Pelagic_heterotroph_MGII	Heterotrophs	Pelagic_heterotroph	pelagic_export	O2	Tier1_taxonomy_conserved	0.85	GTDB_MGII	""		""	""	""	GTDB c__Poseidoniia	Rinke et al. 2019 ISME J; Zhang et al. 2015 Front Microbiol	10.1038/s41396-018-0282-y; 10.3389/fmicb.2015.01108	""
S__GCF_013407165.1	d__Archaea	p__Thermoproteota	c__Nitrososphaeria	453	5	610182	100	TRUE	GCF_013407165.1	Nitrification_AOA	Ammonia oxidizers	Nitrifier	pelagic_export	O2	Tier1_kegg_present	0.895	KEGG_AOA_AMO	present	0.5	M00528	M00528:0.5	K10944	amoA (K10944)	Könneke et al. 2005 Nature	10.1038/nature04066	""
S__IMGVR_UViG_3300028535_000001	d__Viruses	p__Uroviricota	c__Caudoviricetes	153	5	70411	100	FALSE	IMGVR_UViG_3300028535_000001	Virus_modulator	Viruses	Modulator	pelagic_export	""	Tier1_taxonomy_conserved	0.9	GTDB_VIRUS_MOD	""		""	""	""	Viral genome structure	Suttle 2007 Nat Rev Microbiol; Breitbart 2012 Annu Rev Mar Sci	10.1038/nrmicro1750; 10.1146/annurev-marine-120709-142805	viral_shunt|kill_the_winner|viral_shuttle
S__IMGVR_UViG_3300038315_000065	d__Viruses	p__Uroviricota	c__Caudoviricetes	40	5	14771	100	FALSE	IMGVR_UViG_3300038315_000065	Virus_modulator	Viruses	Modulator	pelagic_export	""	Tier1_taxonomy_conserved	0.9	GTDB_VIRUS_MOD	""		""	""	""	Viral genome structure	Suttle 2007 Nat Rev Microbiol; Breitbart 2012 Annu Rev Mar Sci	10.1038/nrmicro1750; 10.1146/annurev-marine-120709-142805	viral_shunt|kill_the_winner|viral_shuttle
S__3300024516_13	d__Bacteria	p__Proteobacteria	c__Gammaproteobacteria	462	5	3867584	100	TRUE	3300024516_13	Core_heterotrophy	Heterotrophs	Pelagic_heterotroph	pelagic_export	O2	Tier1_kegg_present	0.99	KEGG_CORE_HET	present	1	M00307;W00008;W00010;W00011	M00307:1;W00008:0.33;W00010:1;W00011:0.62	""	TCA cycle + glycolysis	Universal heterotrophic metabolism	""	""
S__3300024058_22	d__Archaea	p__Thermoproteota	c__Nitrososphaeria	470	5	903779	100	TRUE	3300024058_22	Nitrification_AOA	Ammonia oxidizers	Nitrifier	pelagic_export	O2	Tier1_kegg_present	0.895	KEGG_AOA_AMO	present	0.5	M00528	M00528:0.5	K10944	amoA (K10944)	Könneke et al. 2005 Nature	10.1038/nature04066	""
S__GCA_905612275.1	d__Archaea	p__Thermoproteota	c__Nitrososphaeria	448	5	584716	100	TRUE	GCA_905612275.1	Nitrification_AOA	Ammonia oxidizers	Nitrifier	pelagic_export	O2	Tier1_kegg_present	0.895	KEGG_AOA_AMO	present	0.5	M00528	M00528:0.5	K10944	amoA (K10944)	Könneke et al. 2005 Nature	10.1038/nature04066	""
S__GCA_017854145.1	d__Bacteria	p__Bacteroidota	c__Bacteroidia	412	5	1407668	100	TRUE	GCA_017854145.1	Core_heterotrophy	Heterotrophs	Pelagic_heterotroph	pelagic_export	O2	Tier1_kegg_present	0.99	KEGG_CORE_HET	present	1	M00307;W00008;W00010;W00011	M00307:1;W00008:0.33;W00010:0;W00011:0.75	""	TCA cycle + glycolysis	Universal heterotrophic metabolism	""	""
S__IMGVR_UViG_3300047157_000078	d__Viruses	p__Uroviricota	c__Caudoviricetes	92	5	46211	100	FALSE	IMGVR_UViG_3300047157_000078	Virus_modulator	Viruses	Modulator	pelagic_export	""	Tier1_taxonomy_conserved	0.9	GTDB_VIRUS_MOD	""		""	""	""	Viral genome structure	Suttle 2007 Nat Rev Microbiol; Breitbart 2012 Annu Rev Mar Sci	10.1038/nrmicro1750; 10.1146/annurev-marine-120709-142805	viral_shunt|kill_the_winner|viral_shuttle
S__Phycodnaviridae_HM004430_Bathycoccus_sp_RCC1105_virus_BpV2	d__Viruses	p__Nucleocytoviricota	c__Megaviricetes	161	5	49503	100	FALSE	Phycodnaviridae_HM004430_Bathycoccus_sp_RCC1105_virus_BpV2	Virus_modulator	Viruses	Modulator	pelagic_export	""	Tier1_taxonomy_conserved	0.9	GTDB_VIRUS_MOD	""		""	""	""	Viral genome structure	Suttle 2007 Nat Rev Microbiol; Breitbart 2012 Annu Rev Mar Sci	10.1038/nrmicro1750; 10.1146/annurev-marine-120709-142805	viral_shunt|kill_the_winner|viral_shuttle
S__3300006311_3	d__Bacteria	p__Chloroflexota	c__Dehalococcoidia	487	5	1719488	100	TRUE	3300006311_3	Dehalococcoidia	Diagenetic	Diagenetic_acetogen	diagenetic_in_situ	CO2	Tier1_taxonomy_conserved	0.85	GTDB_ACETO_DIAG	""		""	""	""	acsB/fhs (WL pathway)	Drake et al. 2008 Ann NY Acad Sci; Ragsdale & Pierce 2008 Biochim Biophys Acta	10.1196/annals.1419.016; 10.1016/j.bbapap.2008.08.012	""
S__3300027997_10	d__Bacteria	p__Planctomycetota	c__Planctomycetia	439	5	863354	100	TRUE	3300027997_10	Particle_heterotroph	Particle-attached	Unknown	particle_associated	O2	Tier1_taxonomy_conserved	0.85	GTDB_PARTICLE_HET	""		""	""	""	Polysaccharide degradation	Teeling et al. 2012 Science	10.1126/science.1218344	""
S__3300020330_9	d__Bacteria	p__Nitrospinota	c__UBA9942	292	5	507797	100	TRUE	3300020330_9	Nitrite_oxidation_NOB	Nitrite oxidizers	Nitrifier	pelagic_export	O2	Tier1_taxonomy_conserved	0.85	GTDB_NOB	""		""	""	""	nxrA/nxrB (K00370/K00371)	Daims et al. 2015 Nature; Koch et al. 2015 PNAS	10.1038/nature16461; 10.1073/pnas.1506533112	""
S__IMGVR_UViG_3300009443_000008	d__Viruses	p__Uroviricota	c__Caudoviricetes	69	5	33865	100	FALSE	IMGVR_UViG_3300009443_000008	Virus_modulator	Viruses	Modulator	pelagic_export	""	Tier1_taxonomy_conserved	0.9	GTDB_VIRUS_MOD	""		""	""	""	Viral genome structure	Suttle 2007 Nat Rev Microbiol; Breitbart 2012 Annu Rev Mar Sci	10.1038/nrmicro1750; 10.1146/annurev-marine-120709-142805	viral_shunt|kill_the_winner|viral_shuttle
S__GCA_001437625.1	d__Archaea	p__Thermoproteota	c__Nitrososphaeria	509	5	1346852	100	TRUE	GCA_001437625.1	Nitrification_AOA	Ammonia oxidizers	Nitrifier	pelagic_export	O2	Tier1_kegg_present	0.895	KEGG_AOA_AMO	present	0.5	M00528	M00528:0.5	K10944	amoA (K10944)	Könneke et al. 2005 Nature	10.1038/nature04066	""
S__GCA_004195625.1	d__Archaea	p__Thermoplasmatota	c__Poseidoniia	422	5	1079962	100	TRUE	GCA_004195625.1	Pelagic_heterotroph_MGII	Heterotrophs	Pelagic_heterotroph	pelagic_export	O2	Tier1_taxonomy_conserved	0.85	GTDB_MGII	""		""	""	""	GTDB c__Poseidoniia	Rinke et al. 2019 ISME J; Zhang et al. 2015 Front Microbiol	10.1038/s41396-018-0282-y; 10.3389/fmicb.2015.01108	""
S__GCA_003545625.1	d__Bacteria	p__Nitrospinota	c__Nitrospinia	315	5	389076	100	TRUE	GCA_003545625.1	Nitrite_oxidation_NOB	Nitrite oxidizers	Nitrifier	pelagic_export	O2	Tier1_taxonomy_conserved	0.85	GTDB_NOB	""		""	""	""	nxrA/nxrB (K00370/K00371)	Daims et al. 2015 Nature; Koch et al. 2015 PNAS	10.1038/nature16461; 10.1073/pnas.1506533112	""
S__TARA_ARC_NCLDV_00188	d__Viruses	p__Nucleocytoviricota	c__Megaviricetes	73	5	17729	100	FALSE	TARA_ARC_NCLDV_00188	Virus_modulator	Viruses	Modulator	pelagic_export	""	Tier1_taxonomy_conserved	0.9	GTDB_VIRUS_MOD	""		""	""	""	Viral genome structure	Suttle 2007 Nat Rev Microbiol; Breitbart 2012 Annu Rev Mar Sci	10.1038/nrmicro1750; 10.1146/annurev-marine-120709-142805	viral_shunt|kill_the_winner|viral_shuttle
S__3300024516_38	d__Bacteria	p__KSB1	c__UBA2214	509	5	1726337	100	TRUE	3300024516_38	Unknown	Other	Unknown	uncertain	Unknown	Tier3_unknown	0.1	""	""		""	""	""	""	""	""	""
S__IMGVR_UViG_3300027833_000046	d__Viruses	p__Uroviricota	c__Caudoviricetes	42	5	13893	100	FALSE	IMGVR_UViG_3300027833_000046	Virus_modulator	Viruses	Modulator	pelagic_export	""	Tier1_taxonomy_conserved	0.9	GTDB_VIRUS_MOD	""		""	""	""	Viral genome structure	Suttle 2007 Nat Rev Microbiol; Breitbart 2012 Annu Rev Mar Sci	10.1038/nrmicro1750; 10.1146/annurev-marine-120709-142805	viral_shunt|kill_the_winner|viral_shuttle
S__IMGVR_UViG_3300049783_000307	d__Viruses	p__Uroviricota	c__Caudoviricetes	14	4	4666	100	FALSE	IMGVR_UViG_3300049783_000307	Virus_modulator	Viruses	Modulator	pelagic_export	""	Tier1_taxonomy_conserved	0.9	GTDB_VIRUS_MOD	""		""	""	""	Viral genome structure	Suttle 2007 Nat Rev Microbiol; Breitbart 2012 Annu Rev Mar Sci	10.1038/nrmicro1750; 10.1146/annurev-marine-120709-142805	viral_shunt|kill_the_winner|viral_shuttle
S__GCA_016276965.1	d__Archaea	p__Thermoproteota	c__Nitrososphaeria	450	5	1556076	100	TRUE	GCA_016276965.1	Nitrification_AOA	Ammonia oxidizers	Nitrifier	pelagic_export	O2	Tier1_taxonomy_conserved	0.85	GTDB_AOA	""		""	""	""	amoA (K10944)	Könneke et al. 2005 Nature	10.1038/nature04066	""
S__IMGVR_UViG_3300035195_000275	d__Viruses	p__Uroviricota	c__Caudoviricetes	59	5	12343	100	FALSE	IMGVR_UViG_3300035195_000275	Virus_modulator	Viruses	Modulator	pelagic_export	""	Tier1_taxonomy_conserved	0.9	GTDB_VIRUS_MOD	""		""	""	""	Viral genome structure	Suttle 2007 Nat Rev Microbiol; Breitbart 2012 Annu Rev Mar Sci	10.1038/nrmicro1750; 10.1146/annurev-marine-120709-142805	viral_shunt|kill_the_winner|viral_shuttle
S__GCA_905181765.1	d__Bacteria	p__Bacteroidota	c__Bacteroidia	497	5	1486351	100	TRUE	GCA_905181765.1	Core_heterotrophy	Heterotrophs	Pelagic_heterotroph	pelagic_export	O2	Tier1_kegg_present	0.99	KEGG_CORE_HET	present	1	M00307;W00008;W00010;W00011	M00307:1;W00008:0.33;W00010:0;W00011:0.62	""	TCA cycle + glycolysis	Universal heterotrophic metabolism	""	""
S__3300020300_16	d__Bacteria	p__Planctomycetota	c__Brocadiae	387	5	2388090	100	TRUE	3300020300_16	Anammox	N-loss	Anammox_N_cycle	particle_associated	NO2-/NH4+	Tier1_taxonomy_conserved	0.85	GTDB_ANAMMOX	""		""	""	""	hzsA/hzsB (K20932/K20933)	Strous et al. 1999 Nature; Kartal et al. 2011 Nat Rev Microbiol	10.1038/22749; 10.1038/nrmicro2699	""
S__IMGVR_UViG_3300006467_000165	d__Viruses	p__Uroviricota	c__Caudoviricetes	35	5	8786	100	FALSE	IMGVR_UViG_3300006467_000165	Virus_modulator	Viruses	Modulator	pelagic_export	""	Tier1_taxonomy_conserved	0.9	GTDB_VIRUS_MOD	""		""	""	""	Viral genome structure	Suttle 2007 Nat Rev Microbiol; Breitbart 2012 Annu Rev Mar Sci	10.1038/nrmicro1750; 10.1146/annurev-marine-120709-142805	viral_shunt|kill_the_winner|viral_shuttle
S__GCA_905612455.1	d__Archaea	p__Thermoproteota	c__Nitrososphaeria	467	5	1412602	100	TRUE	GCA_905612455.1	Nitrification_AOA	Ammonia oxidizers	Nitrifier	pelagic_export	O2	Tier1_kegg_present	0.895	KEGG_AOA_AMO	present	0.5	M00528	M00528:0.5	K10944	amoA (K10944)	Könneke et al. 2005 Nature	10.1038/nature04066	""
S__GCA_905478615.1	d__Bacteria	p__Bacteroidota	c__Bacteroidia	430	5	1030132	100	TRUE	GCA_905478615.1	Core_heterotrophy	Heterotrophs	Pelagic_heterotroph	pelagic_export	O2	Tier1_kegg_present	0.99	KEGG_CORE_HET	present	1	M00307;W00008;W00010;W00011	M00307:1;W00008:0.33;W00010:0;W00011:0.75	""	TCA cycle + glycolysis	Universal heterotrophic metabolism	""	""
S__GCA_905478185.1	d__Bacteria	p__Bacteroidota	c__Bacteroidia	455	5	977994	100	TRUE	GCA_905478185.1	Particle_heterotroph	Particle-attached	Pelagic_heterotroph	particle_associated	O2	Tier1_taxonomy_conserved	0.85	GTDB_PARTICLE_HET	""		""	""	""	Polysaccharide degradation	Teeling et al. 2012 Science	10.1126/science.1218344	""
S__3300020187_18	d__Bacteria	p__Verrucomicrobiota	c__Verrucomicrobiae	480	5	2607851	100	TRUE	3300020187_18	Core_heterotrophy	Heterotrophs	Pelagic_heterotroph	pelagic_export	O2	Tier1_kegg_present	0.99	KEGG_CORE_HET	present	1	M00307;W00008;W00010;W00011	M00307:1;W00008:0.33;W00010:0;W00011:0.62	""	TCA cycle + glycolysis	Universal heterotrophic metabolism	""	""
S__GCA_905182815.1	d__Bacteria	p__Proteobacteria	c__Gammaproteobacteria	510	5	2007653	100	TRUE	GCA_905182815.1	Pelagic_heterotroph	Heterotrophs	Pelagic_heterotroph	pelagic_export	O2	Tier1_taxonomy_conserved	0.85	GTDB_PELAGIC_HET	""		""	""	""	Core carbon metabolism	Giovannoni 2017 Annu Rev Mar Sci	10.1146/annurev-marine-010814-015934	""
S__GCA_905182865.1	d__Bacteria	p__SAR324	c__SAR324	509	5	2596420	100	TRUE	GCA_905182865.1	Core_heterotrophy	Heterotrophs	Pelagic_heterotroph	pelagic_export	O2	Tier1_kegg_present	0.99	KEGG_CORE_HET	present	1	M00307;W00008;W00010;W00011	M00307:0.67;W00008:0.33;W00010:1;W00011:0.38	""	TCA cycle + glycolysis	Universal heterotrophic metabolism	""	""
S__3300024058_12	d__Bacteria	p__Proteobacteria	c__Alphaproteobacteria	355	5	4111288	100	TRUE	3300024058_12	Core_heterotrophy	Heterotrophs	Pelagic_heterotroph	pelagic_export	O2	Tier1_kegg_present	0.99	KEGG_CORE_HET	present	1	M00307;W00008;W00010;W00011	M00307:1;W00008:0.67;W00010:1;W00011:0.62	""	TCA cycle + glycolysis	Universal heterotrophic metabolism	""	""
S__GCA_015659035.1	d__Bacteria	p__Acidobacteriota	c__Vicinamibacteria	497	5	1222976	100	TRUE	GCA_015659035.1	Core_heterotrophy	Heterotrophs	Pelagic_heterotroph	pelagic_export	O2	Tier1_kegg_present	0.99	KEGG_CORE_HET	present	1	M00307;W00008;W00010;W00011	M00307:0.75;W00008:1;W00010:0;W00011:0.5	""	TCA cycle + glycolysis	Universal heterotrophic metabolism	""	""
S__GCA_003331785.1	d__Bacteria	p__Cyanobacteria	c__Cyanobacteriia	260	5	387473	100	TRUE	GCA_003331785.1	Oxygenic_photosynthesis	Cyanobacteria	Primary_producer	pelagic_export	O2	Tier1_taxonomy_conserved	0.85	GTDB_CYANO	""		""	""	""	psbA (K02703)	Falkowski & Raven 2007 Aquatic Photosynthesis	10.1515/9781400849727	""
S__IMGVR_UViG_3300020166_000015	d__Viruses	p__Uroviricota	c__Caudoviricetes	225	5	73579	100	FALSE	IMGVR_UViG_3300020166_000015	Virus_modulator	Viruses	Modulator	pelagic_export	""	Tier1_taxonomy_conserved	0.9	GTDB_VIRUS_MOD	""		""	""	""	Viral genome structure	Suttle 2007 Nat Rev Microbiol; Breitbart 2012 Annu Rev Mar Sci	10.1038/nrmicro1750; 10.1146/annurev-marine-120709-142805	viral_shunt|kill_the_winner|viral_shuttle
S__3300027687_20	d__Archaea	p__Thermoplasmatota	c__Poseidoniia	473	5	1271050	100	TRUE	3300027687_20	Pelagic_heterotroph_MGII	Heterotrophs	Pelagic_heterotroph	pelagic_export	O2	Tier1_taxonomy_conserved	0.85	GTDB_MGII	""		""	""	""	GTDB c__Poseidoniia	Rinke et al. 2019 ISME J; Zhang et al. 2015 Front Microbiol	10.1038/s41396-018-0282-y; 10.3389/fmicb.2015.01108	""
S__IMGVR_UViG_3300025079_000001	d__Viruses	p__Uroviricota	c__Caudoviricetes	53	5	11653	100	FALSE	IMGVR_UViG_3300025079_000001	Virus_modulator	Viruses	Modulator	pelagic_export	""	Tier1_taxonomy_conserved	0.9	GTDB_VIRUS_MOD	""		""	""	""	Viral genome structure	Suttle 2007 Nat Rev Microbiol; Breitbart 2012 Annu Rev Mar Sci	10.1038/nrmicro1750; 10.1146/annurev-marine-120709-142805	viral_shunt|kill_the_winner|viral_shuttle
S__GCA_012960805.1	d__Bacteria	p__Bacteroidota	c__Bacteroidia	497	5	1417902	100	TRUE	GCA_012960805.1	Particle_heterotroph	Particle-attached	Pelagic_heterotroph	particle_associated	O2	Tier1_taxonomy_conserved	0.85	GTDB_PARTICLE_HET	""		""	""	""	Polysaccharide degradation	Teeling et al. 2012 Science	10.1126/science.1218344	""
S__GCA_008975185.1	d__Bacteria	p__Proteobacteria	c__Gammaproteobacteria	277	5	293163	100	TRUE	GCA_008975185.1	Core_heterotrophy	Heterotrophs	Pelagic_heterotroph	pelagic_export	O2	Tier1_kegg_present	0.99	KEGG_CORE_HET	present	1	M00307;W00008;W00010;W00011	M00307:1;W00008:0.33;W00010:0;W00011:0.38	""	TCA cycle + glycolysis	Universal heterotrophic metabolism	""	""
S__TARA_ARC_108_MAG_00021	d__Bacteria	p__Actinobacteriota	c__Acidimicrobiia	479	5	1256797	100	TRUE	TARA_ARC_108_MAG_00021	Core_heterotrophy	Heterotrophs	Heterotroph_general	uncertain	O2	Tier2_taxonomy_broad	0.7	GTDB_CORE_HET	""		""	""	""	TCA cycle + glycolysis	Universal heterotrophic metabolism	""	""
S__3300020263_16	d__Archaea	p__Thermoplasmatota	c__Poseidoniia	505	5	904879	100	TRUE	3300020263_16	Pelagic_heterotroph_MGII	Heterotrophs	Pelagic_heterotroph	pelagic_export	O2	Tier1_taxonomy_conserved	0.85	GTDB_MGII	""		""	""	""	GTDB c__Poseidoniia	Rinke et al. 2019 ISME J; Zhang et al. 2015 Front Microbiol	10.1038/s41396-018-0282-y; 10.3389/fmicb.2015.01108	""
S__GCA_905182465.1	d__Bacteria	p__Verrucomicrobiota	c__Verrucomicrobiae	247	5	330237	100	TRUE	GCA_905182465.1	Particle_heterotroph	Particle-attached	Pelagic_heterotroph	particle_associated	O2	Tier1_taxonomy_conserved	0.85	GTDB_PARTICLE_HET	""		""	""	""	Polysaccharide degradation	Teeling et al. 2012 Science	10.1126/science.1218344	""
S__GCA_003526595.1	d__Bacteria	p__Nitrospinota	c__Nitrospinia	279	5	493378	100	TRUE	GCA_003526595.1	Nitrite_oxidation_NOB	Nitrite oxidizers	Nitrifier	pelagic_export	O2	Tier1_taxonomy_conserved	0.85	GTDB_NOB	""		""	""	""	nxrA/nxrB (K00370/K00371)	Daims et al. 2015 Nature; Koch et al. 2015 PNAS	10.1038/nature16461; 10.1073/pnas.1506533112	""
S__GCA_905181595.1	d__Bacteria	p__Proteobacteria	c__Gammaproteobacteria	505	5	1026253	100	TRUE	GCA_905181595.1	Pelagic_heterotroph	Heterotrophs	Pelagic_heterotroph	pelagic_export	O2	Tier1_taxonomy_conserved	0.85	GTDB_PELAGIC_HET	""		""	""	""	Core carbon metabolism	Giovannoni 2017 Annu Rev Mar Sci	10.1146/annurev-marine-010814-015934	""
S__GCA_014384505.1	d__Bacteria	p__Bacteroidota	c__Bacteroidia	510	5	1187009	100	TRUE	GCA_014384505.1	Particle_heterotroph	Particle-attached	Pelagic_heterotroph	particle_associated	O2	Tier1_taxonomy_conserved	0.85	GTDB_PARTICLE_HET	""		""	""	""	Polysaccharide degradation	Teeling et al. 2012 Science	10.1126/science.1218344	""
S__IMGVR_UViG_3300031519_000018	d__Viruses	p__Uroviricota	c__Caudoviricetes	67	5	24179	100	FALSE	IMGVR_UViG_3300031519_000018	Virus_modulator	Viruses	Modulator	pelagic_export	""	Tier1_taxonomy_conserved	0.9	GTDB_VIRUS_MOD	""		""	""	""	Viral genome structure	Suttle 2007 Nat Rev Microbiol; Breitbart 2012 Annu Rev Mar Sci	10.1038/nrmicro1750; 10.1146/annurev-marine-120709-142805	viral_shunt|kill_the_winner|viral_shuttle
S__GCA_009392475.1	d__Bacteria	p__Chloroflexota	c__Dehalococcoidia	399	5	691453	100	TRUE	GCA_009392475.1	Dehalococcoidia	Diagenetic	Diagenetic_acetogen	diagenetic_in_situ	CO2	Tier1_taxonomy_conserved	0.85	GTDB_ACETO_DIAG	""		""	""	""	acsB/fhs (WL pathway)	Drake et al. 2008 Ann NY Acad Sci; Ragsdale & Pierce 2008 Biochim Biophys Acta	10.1196/annals.1419.016; 10.1016/j.bbapap.2008.08.012	""
S__GCA_003672175.1	d__Archaea	p__Thermoplasmatota	c__Poseidoniia	468	5	1014927	100	TRUE	GCA_003672175.1	Pelagic_heterotroph_MGII	Heterotrophs	Pelagic_heterotroph	pelagic_export	O2	Tier1_taxonomy_conserved	0.85	GTDB_MGII	""		""	""	""	GTDB c__Poseidoniia	Rinke et al. 2019 ISME J; Zhang et al. 2015 Front Microbiol	10.1038/s41396-018-0282-y; 10.3389/fmicb.2015.01108	""
S__3300027827_16	d__Archaea	p__Thermoplasmatota	c__Poseidoniia	473	5	588348	100	TRUE	3300027827_16	Pelagic_heterotroph_MGII	Heterotrophs	Pelagic_heterotroph	pelagic_export	O2	Tier1_taxonomy_conserved	0.85	GTDB_MGII	""		""	""	""	GTDB c__Poseidoniia	Rinke et al. 2019 ISME J; Zhang et al. 2015 Front Microbiol	10.1038/s41396-018-0282-y; 10.3389/fmicb.2015.01108	""
S__GCA_009937205.1	d__Archaea	p__Thermoplasmatota	c__Poseidoniia	481	5	909041	100	TRUE	GCA_009937205.1	Pelagic_heterotroph_MGII	Heterotrophs	Pelagic_heterotroph	pelagic_export	O2	Tier1_taxonomy_conserved	0.85	GTDB_MGII	""		""	""	""	GTDB c__Poseidoniia	Rinke et al. 2019 ISME J; Zhang et al. 2015 Front Microbiol	10.1038/s41396-018-0282-y; 10.3389/fmicb.2015.01108	""
S__GCA_001510275.1	d__Archaea	p__Thermoproteota	c__Nitrososphaeria	174	5	302114	100	TRUE	GCA_001510275.1	Nitrification_AOA	Ammonia oxidizers	Nitrifier	pelagic_export	O2	Tier1_kegg_present	0.895	KEGG_AOA_AMO	present	0.5	M00528	M00528:0.5	K10944	amoA (K10944)	Könneke et al. 2005 Nature	10.1038/nature04066	""
S__IMGVR_UViG_3300024520_000070	d__Viruses	p__Uroviricota	c__Caudoviricetes	46	5	16848	100	FALSE	IMGVR_UViG_3300024520_000070	Virus_modulator	Viruses	Modulator	pelagic_export	""	Tier1_taxonomy_conserved	0.9	GTDB_VIRUS_MOD	""		""	""	""	Viral genome structure	Suttle 2007 Nat Rev Microbiol; Breitbart 2012 Annu Rev Mar Sci	10.1038/nrmicro1750; 10.1146/annurev-marine-120709-142805	viral_shunt|kill_the_winner|viral_shuttle
S__3300027771_26	d__Bacteria	p__Proteobacteria	c__Gammaproteobacteria	384	5	262463	100	TRUE	3300027771_26	Core_heterotrophy	Heterotrophs	Pelagic_heterotroph	pelagic_export	O2	Tier1_kegg_present	0.99	KEGG_CORE_HET	present	1	M00307;W00008;W00010;W00011	M00307:1;W00008:0.33;W00010:0;W00011:0.12	""	TCA cycle + glycolysis	Universal heterotrophic metabolism	""	""
S__IMGVR_UViG_3300031688_001339	d__Viruses	p__Uroviricota	c__Caudoviricetes	113	5	30368	100	FALSE	IMGVR_UViG_3300031688_001339	Virus_modulator	Viruses	Modulator	pelagic_export	""	Tier1_taxonomy_conserved	0.9	GTDB_VIRUS_MOD	""		""	""	""	Viral genome structure	Suttle 2007 Nat Rev Microbiol; Breitbart 2012 Annu Rev Mar Sci	10.1038/nrmicro1750; 10.1146/annurev-marine-120709-142805	viral_shunt|kill_the_winner|viral_shuttle
S__GCA_905612295.1	d__Archaea	p__Thermoproteota	c__Nitrososphaeria	496	5	2434889	100	TRUE	GCA_905612295.1	Nitrification_AOA	Ammonia oxidizers	Nitrifier	pelagic_export	O2	Tier1_kegg_present	0.895	KEGG_AOA_AMO	present	0.5	M00528	M00528:0.5	K10944	amoA (K10944)	Könneke et al. 2005 Nature	10.1038/nature04066	""
S__IMGVR_UViG_3300025071_000006	d__Viruses	p__Uroviricota	c__Caudoviricetes	85	5	18907	100	FALSE	IMGVR_UViG_3300025071_000006	Virus_modulator	Viruses	Modulator	pelagic_export	""	Tier1_taxonomy_conserved	0.9	GTDB_VIRUS_MOD	""		""	""	""	Viral genome structure	Suttle 2007 Nat Rev Microbiol; Breitbart 2012 Annu Rev Mar Sci	10.1038/nrmicro1750; 10.1146/annurev-marine-120709-142805	viral_shunt|kill_the_winner|viral_shuttle
S__IMGVR_UViG_3300025860_000061	d__Viruses	p__Uroviricota	c__Caudoviricetes	53	4	10536	100	FALSE	IMGVR_UViG_3300025860_000061	Virus_modulator	Viruses	Modulator	pelagic_export	""	Tier1_taxonomy_conserved	0.9	GTDB_VIRUS_MOD	""		""	""	""	Viral genome structure	Suttle 2007 Nat Rev Microbiol; Breitbart 2012 Annu Rev Mar Sci	10.1038/nrmicro1750; 10.1146/annurev-marine-120709-142805	viral_shunt|kill_the_winner|viral_shuttle
S__GCA_905618915.1	d__Bacteria	p__Proteobacteria	c__Alphaproteobacteria	425	5	599668	100	TRUE	GCA_905618915.1	Core_heterotrophy	Heterotrophs	Pelagic_heterotroph	pelagic_export	O2	Tier1_kegg_present	0.99	KEGG_CORE_HET	present	1	M00307;W00008;W00010;W00011	M00307:0.33;W00008:0;W00010:1;W00011:0.5	""	TCA cycle + glycolysis	Universal heterotrophic metabolism	""	""
S__GCF_012276695.1	d__Bacteria	p__Proteobacteria	c__Alphaproteobacteria	501	5	1924411	100	TRUE	GCF_012276695.1	Core_heterotrophy	Heterotrophs	Pelagic_heterotroph	pelagic_export	O2	Tier1_kegg_present	0.99	KEGG_CORE_HET	present	1	M00307;W00008;W00010;W00011	M00307:0.67;W00008:0.33;W00010:1;W00011:0.5	""	TCA cycle + glycolysis	Universal heterotrophic metabolism	""	""
S__GCA_013215285.1	d__Archaea	p__Thermoproteota	c__Nitrososphaeria	501	5	2733650	100	TRUE	GCA_013215285.1	Nitrification_AOA	Ammonia oxidizers	Nitrifier	pelagic_export	O2	Tier1_kegg_present	0.895	KEGG_AOA_AMO	present	0.5	M00528	M00528:0.5	K10944	amoA (K10944)	Könneke et al. 2005 Nature	10.1038/nature04066	""
S__3300027752_17	d__Bacteria	p__Proteobacteria	c__Gammaproteobacteria	502	5	1588530	100	TRUE	3300027752_17	Core_heterotrophy	Heterotrophs	Pelagic_heterotroph	pelagic_export	O2	Tier1_kegg_present	0.99	KEGG_CORE_HET	present	1	M00307;W00008;W00010;W00011	M00307:1;W00008:0.33;W00010:0;W00011:0.38	""	TCA cycle + glycolysis	Universal heterotrophic metabolism	""	""
S__IMGVR_UViG_3300020182_000036	d__Viruses	p__Uroviricota	c__Caudoviricetes	67	5	29152	100	FALSE	IMGVR_UViG_3300020182_000036	Virus_modulator	Viruses	Modulator	pelagic_export	""	Tier1_taxonomy_conserved	0.9	GTDB_VIRUS_MOD	""		""	""	""	Viral genome structure	Suttle 2007 Nat Rev Microbiol; Breitbart 2012 Annu Rev Mar Sci	10.1038/nrmicro1750; 10.1146/annurev-marine-120709-142805	viral_shunt|kill_the_winner|viral_shuttle
S__IMGVR_UViG_3300025869_000017	d__Viruses	p__Uroviricota	c__Caudoviricetes	105	5	33565	100	FALSE	IMGVR_UViG_3300025869_000017	Virus_modulator	Viruses	Modulator	pelagic_export	""	Tier1_taxonomy_conserved	0.9	GTDB_VIRUS_MOD	""		""	""	""	Viral genome structure	Suttle 2007 Nat Rev Microbiol; Breitbart 2012 Annu Rev Mar Sci	10.1038/nrmicro1750; 10.1146/annurev-marine-120709-142805	viral_shunt|kill_the_winner|viral_shuttle
S__GCA_012974425.1	d__Bacteria	p__Desulfobacterota	c__Desulfuromonadia	239	5	379876	100	TRUE	GCA_012974425.1	Sulfate_reduction_diagenetic	Diagenetic	Diagenetic_SRB	diagenetic_in_situ	SO4--	Tier1_taxonomy_conserved	0.85	GTDB_SRB_DIAG	""		""	""	""	dsrA/dsrB (K11180/K11181)	Müller et al. 2015 ISME J	10.1038/ismej.2014.208	""
S__GCA_905182885.1	d__Bacteria	p__Proteobacteria	c__Gammaproteobacteria	440	5	536560	100	TRUE	GCA_905182885.1	Pelagic_heterotroph	Heterotrophs	Pelagic_heterotroph	pelagic_export	O2	Tier1_taxonomy_conserved	0.85	GTDB_PELAGIC_HET	""		""	""	""	Core carbon metabolism	Giovannoni 2017 Annu Rev Mar Sci	10.1146/annurev-marine-010814-015934	""
S__3300024516_26	d__Bacteria	p__Proteobacteria	c__Gammaproteobacteria	431	5	592234	100	TRUE	3300024516_26	Core_heterotrophy	Heterotrophs	Pelagic_heterotroph	pelagic_export	O2	Tier1_kegg_present	0.99	KEGG_CORE_HET	present	1	M00307;W00008;W00010;W00011	M00307:1;W00008:0.33;W00010:0;W00011:0.25	""	TCA cycle + glycolysis	Universal heterotrophic metabolism	""	""
S__IMGVR_UViG_GVMAG-S-1102114-126_000001	d__Viruses	p__Nucleocytoviricota	c__Megaviricetes	127	5	43509	100	FALSE	IMGVR_UViG_GVMAG-S-1102114-126_000001	Virus_modulator	Viruses	Modulator	pelagic_export	""	Tier1_taxonomy_conserved	0.9	GTDB_VIRUS_MOD	""		""	""	""	Viral genome structure	Suttle 2007 Nat Rev Microbiol; Breitbart 2012 Annu Rev Mar Sci	10.1038/nrmicro1750; 10.1146/annurev-marine-120709-142805	viral_shunt|kill_the_winner|viral_shuttle
S__GCA_905612365.1	d__Bacteria	p__Proteobacteria	c__Alphaproteobacteria	304	5	286491	100	TRUE	GCA_905612365.1	Core_heterotrophy	Heterotrophs	Pelagic_heterotroph	pelagic_export	O2	Tier1_kegg_present	0.99	KEGG_CORE_HET	present	1	M00307;W00008;W00010;W00011	M00307:0.67;W00008:0.33;W00010:1;W00011:0.12	""	TCA cycle + glycolysis	Universal heterotrophic metabolism	""	""
S__TARA_SOC_NCLDV_00026	d__Viruses	p__Nucleocytoviricota	c__Megaviricetes	366	5	190173	100	FALSE	TARA_SOC_NCLDV_00026	Virus_modulator	Viruses	Modulator	pelagic_export	""	Tier1_taxonomy_conserved	0.9	GTDB_VIRUS_MOD	""		""	""	""	Viral genome structure	Suttle 2007 Nat Rev Microbiol; Breitbart 2012 Annu Rev Mar Sci	10.1038/nrmicro1750; 10.1146/annurev-marine-120709-142805	viral_shunt|kill_the_winner|viral_shuttle
S__IMGVR_UViG_3300031687_001020	d__Viruses	p__Uroviricota	c__Caudoviricetes	121	5	39147	100	FALSE	IMGVR_UViG_3300031687_001020	Virus_modulator	Viruses	Modulator	pelagic_export	""	Tier1_taxonomy_conserved	0.9	GTDB_VIRUS_MOD	""		""	""	""	Viral genome structure	Suttle 2007 Nat Rev Microbiol; Breitbart 2012 Annu Rev Mar Sci	10.1038/nrmicro1750; 10.1146/annurev-marine-120709-142805	viral_shunt|kill_the_winner|viral_shuttle
S__GCA_905182775.1	d__Bacteria	p__Bacteroidota	c__Bacteroidia	401	5	598959	100	TRUE	GCA_905182775.1	Particle_heterotroph	Particle-attached	Pelagic_heterotroph	particle_associated	O2	Tier1_taxonomy_conserved	0.85	GTDB_PARTICLE_HET	""		""	""	""	Polysaccharide degradation	Teeling et al. 2012 Science	10.1126/science.1218344	""
S__GCA_905182235.1	d__Bacteria	p__Proteobacteria	c__Gammaproteobacteria	453	5	495493	100	TRUE	GCA_905182235.1	Pelagic_heterotroph	Heterotrophs	Pelagic_heterotroph	pelagic_export	O2	Tier1_taxonomy_conserved	0.85	GTDB_PELAGIC_HET	""		""	""	""	Core carbon metabolism	Giovannoni 2017 Annu Rev Mar Sci	10.1146/annurev-marine-010814-015934	""
S__IMGVR_UViG_3300025653_000044	d__Viruses	p__Uroviricota	c__Caudoviricetes	77	5	21024	100	FALSE	IMGVR_UViG_3300025653_000044	Virus_modulator	Viruses	Modulator	pelagic_export	""	Tier1_taxonomy_conserved	0.9	GTDB_VIRUS_MOD	""		""	""	""	Viral genome structure	Suttle 2007 Nat Rev Microbiol; Breitbart 2012 Annu Rev Mar Sci	10.1038/nrmicro1750; 10.1146/annurev-marine-120709-142805	viral_shunt|kill_the_winner|viral_shuttle
S__GCA_013390475.1	d__Archaea	p__Thermoproteota	c__Nitrososphaeria	526	5	3264169	100	TRUE	GCA_013390475.1	Nitrification_AOA	Ammonia oxidizers	Nitrifier	pelagic_export	O2	Tier1_kegg_present	0.895	KEGG_AOA_AMO	present	0.5	M00528	M00528:0.5	K10944	amoA (K10944)	Könneke et al. 2005 Nature	10.1038/nature04066	""
S__GCA_905182795.1	d__Bacteria	p__Marinisomatota	c__Marinisomatia	422	5	377348	100	TRUE	GCA_905182795.1	Pelagic_heterotroph	Heterotrophs	Pelagic_heterotroph	pelagic_export	O2	Tier1_taxonomy_conserved	0.85	GTDB_PELAGIC_HET	""		""	""	""	Core carbon metabolism	Giovannoni 2017 Annu Rev Mar Sci	10.1146/annurev-marine-010814-015934	""
S__3300024060_27	d__Bacteria	p__Proteobacteria	c__Alphaproteobacteria	342	5	696487	100	TRUE	3300024060_27	Core_heterotrophy	Heterotrophs	Pelagic_heterotroph	pelagic_export	O2	Tier1_kegg_present	0.99	KEGG_CORE_HET	present	1	M00307;W00008;W00010;W00011	M00307:1;W00008:0.33;W00010:1;W00011:0.25	""	TCA cycle + glycolysis	Universal heterotrophic metabolism	""	""
S__GCA_004356455.1	d__Bacteria	p__Myxococcota_A	c__UBA9160	404	5	864913	100	TRUE	GCA_004356455.1	Core_heterotrophy	Heterotrophs	Pelagic_heterotroph	pelagic_export	O2	Tier2_kegg_partial	0.625	KEGG_CORE_HET	""		""	""	""	TCA cycle + glycolysis	Universal heterotrophic metabolism	""	""
S__IMGVR_UViG_3300025637_000035	d__Viruses	p__Uroviricota	c__Caudoviricetes	74	5	18283	100	FALSE	IMGVR_UViG_3300025637_000035	Virus_modulator	Viruses	Modulator	pelagic_export	""	Tier1_taxonomy_conserved	0.9	GTDB_VIRUS_MOD	""		""	""	""	Viral genome structure	Suttle 2007 Nat Rev Microbiol; Breitbart 2012 Annu Rev Mar Sci	10.1038/nrmicro1750; 10.1146/annurev-marine-120709-142805	viral_shunt|kill_the_winner|viral_shuttle
S__GCA_013203245.1	d__Archaea	p__Thermoproteota	c__Nitrososphaeria	452	5	599228	100	TRUE	GCA_013203245.1	Core_heterotrophy	Heterotrophs	Pelagic_heterotroph	pelagic_export	O2	Tier1_kegg_present	0.99	KEGG_CORE_HET	present	1	M00307;W00008;W00010;W00011	M00307:0;W00008:0.33;W00010:1;W00011:0.25	""	TCA cycle + glycolysis	Universal heterotrophic metabolism	""	""
S__IMGVR_UViG_3300027833_000016	d__Viruses	p__Uroviricota	c__Caudoviricetes	238	5	77055	100	FALSE	IMGVR_UViG_3300027833_000016	Virus_modulator	Viruses	Modulator	pelagic_export	""	Tier1_taxonomy_conserved	0.9	GTDB_VIRUS_MOD	""		""	""	""	Viral genome structure	Suttle 2007 Nat Rev Microbiol; Breitbart 2012 Annu Rev Mar Sci	10.1038/nrmicro1750; 10.1146/annurev-marine-120709-142805	viral_shunt|kill_the_winner|viral_shuttle
S__GCA_017368835.1	d__Bacteria	p__Planctomycetota	c__Brocadiae	340	5	1501677	100	TRUE	GCA_017368835.1	Anammox	N-loss	Anammox_N_cycle	particle_associated	NO2-/NH4+	Tier1_kegg_present	0.968888888888889	KEGG_ANAMMOX	present	0.888888888888889	M00973	M00973:0.89	K20932	hzsA/hzsB (K20932/K20933)	Strous et al. 1999 Nature; Kartal et al. 2011 Nat Rev Microbiol	10.1038/22749; 10.1038/nrmicro2699	""
S__GCA_905181585.1	d__Bacteria	p__Bacteroidota	c__Bacteroidia	377	5	404778	100	TRUE	GCA_905181585.1	Particle_heterotroph	Particle-attached	Pelagic_heterotroph	particle_associated	O2	Tier1_taxonomy_conserved	0.85	GTDB_PARTICLE_HET	""		""	""	""	Polysaccharide degradation	Teeling et al. 2012 Science	10.1126/science.1218344	""
S__IMGVR_UViG_3300020166_000001	d__Viruses	p__Uroviricota	c__Caudoviricetes	55	4	12885	100	FALSE	IMGVR_UViG_3300020166_000001	Virus_modulator	Viruses	Modulator	pelagic_export	""	Tier1_taxonomy_conserved	0.9	GTDB_VIRUS_MOD	""		""	""	""	Viral genome structure	Suttle 2007 Nat Rev Microbiol; Breitbart 2012 Annu Rev Mar Sci	10.1038/nrmicro1750; 10.1146/annurev-marine-120709-142805	viral_shunt|kill_the_winner|viral_shuttle
S__3300024516_18	d__Bacteria	p__Nitrospirota	c__Nitrospiria	469	5	638157	100	TRUE	3300024516_18	Nitrite_oxidation_NOB	Nitrite oxidizers	Nitrifier	pelagic_export	O2	Tier1_taxonomy_conserved	0.85	GTDB_NOB	""		""	""	""	nxrA/nxrB (K00370/K00371)	Daims et al. 2015 Nature; Koch et al. 2015 PNAS	10.1038/nature16461; 10.1073/pnas.1506533112	""
S__TARA_ARC_NCLDV_00033	d__Viruses	p__Nucleocytoviricota	c__Megaviricetes	301	5	164263	100	FALSE	TARA_ARC_NCLDV_00033	Virus_modulator	Viruses	Modulator	pelagic_export	""	Tier1_taxonomy_conserved	0.9	GTDB_VIRUS_MOD	""		""	""	""	Viral genome structure	Suttle 2007 Nat Rev Microbiol; Breitbart 2012 Annu Rev Mar Sci	10.1038/nrmicro1750; 10.1146/annurev-marine-120709-142805	viral_shunt|kill_the_winner|viral_shuttle
S__GCA_012964335.1	d__Archaea	p__Thermoplasmatota	c__Poseidoniia	489	5	835386	100	TRUE	GCA_012964335.1	Pelagic_heterotroph_MGII	Heterotrophs	Pelagic_heterotroph	pelagic_export	O2	Tier1_taxonomy_conserved	0.85	GTDB_MGII	""		""	""	""	GTDB c__Poseidoniia	Rinke et al. 2019 ISME J; Zhang et al. 2015 Front Microbiol	10.1038/s41396-018-0282-y; 10.3389/fmicb.2015.01108	""
S__GCA_902512375.1	d__Bacteria	p__Proteobacteria	c__Gammaproteobacteria	444	5	448560	100	TRUE	GCA_902512375.1	Core_heterotrophy	Heterotrophs	Pelagic_heterotroph	pelagic_export	O2	Tier1_kegg_present	0.99	KEGG_CORE_HET	present	1	M00307;W00008;W00010;W00011	M00307:1;W00008:0.33;W00010:0;W00011:0.38	""	TCA cycle + glycolysis	Universal heterotrophic metabolism	""	""
S__3300026080_15	d__Bacteria	p__Verrucomicrobiota	c__Verrucomicrobiae	429	5	623749	100	TRUE	3300026080_15	Particle_heterotroph	Particle-attached	Pelagic_heterotroph	particle_associated	O2	Tier1_taxonomy_conserved	0.85	GTDB_PARTICLE_HET	""		""	""	""	Polysaccharide degradation	Teeling et al. 2012 Science	10.1126/science.1218344	""
S__GCA_012964845.1	d__Bacteria	p__Marinisomatota	c__Marinisomatia	412	5	429559	100	TRUE	GCA_012964845.1	Core_heterotrophy	Heterotrophs	Pelagic_heterotroph	pelagic_export	O2	Tier1_kegg_present	0.99	KEGG_CORE_HET	present	1	M00307;W00008;W00010;W00011	M00307:1;W00008:0.33;W00010:0;W00011:0.25	""	TCA cycle + glycolysis	Universal heterotrophic metabolism	""	""
S__GCA_905616395.1	d__Bacteria	p__Proteobacteria	c__Alphaproteobacteria	418	5	362331	100	TRUE	GCA_905616395.1	Core_heterotrophy	Heterotrophs	Pelagic_heterotroph	pelagic_export	O2	Tier1_kegg_present	0.99	KEGG_CORE_HET	present	1	M00307;W00008;W00010;W00011	M00307:0.33;W00008:0.33;W00010:1;W00011:0.12	""	TCA cycle + glycolysis	Universal heterotrophic metabolism	""	""
S__TARA_ARC_108_MAG_00099	d__Bacteria	p__Bacteroidota	c__Bacteroidia	446	5	632204	100	TRUE	TARA_ARC_108_MAG_00099	Particle_heterotroph	Particle-attached	Pelagic_heterotroph	particle_associated	O2	Tier1_taxonomy_conserved	0.85	GTDB_PARTICLE_HET	""		""	""	""	Polysaccharide degradation	Teeling et al. 2012 Science	10.1126/science.1218344	""
S__TARA_SOC_28_MAG_00016	d__Bacteria	p__Bacteroidota	c__Bacteroidia	494	5	1167771	100	TRUE	TARA_SOC_28_MAG_00016	Core_heterotrophy	Heterotrophs	Pelagic_heterotroph	pelagic_export	O2	Tier1_kegg_present	0.99	KEGG_CORE_HET	present	1	M00307;W00008;W00010;W00011	M00307:1;W00008:0.33;W00010:0;W00011:0.62	""	TCA cycle + glycolysis	Universal heterotrophic metabolism	""	""
S__GCA_905612305.1	d__Bacteria	p__Bacteroidota	c__Bacteroidia	484	5	619716	100	TRUE	GCA_905612305.1	Particle_heterotroph	Particle-attached	Pelagic_heterotroph	particle_associated	O2	Tier1_taxonomy_conserved	0.85	GTDB_PARTICLE_HET	""		""	""	""	Polysaccharide degradation	Teeling et al. 2012 Science	10.1126/science.1218344	""
S__TARA_ARC_108_MAG_00181	d__Bacteria	p__Proteobacteria	c__Gammaproteobacteria	266	5	220412	100	TRUE	TARA_ARC_108_MAG_00181	Pelagic_heterotroph	Heterotrophs	Pelagic_heterotroph	pelagic_export	O2	Tier1_taxonomy_conserved	0.85	GTDB_PELAGIC_HET	""		""	""	""	Core carbon metabolism	Giovannoni 2017 Annu Rev Mar Sci	10.1146/annurev-marine-010814-015934	""
S__GCA_000402075.1	d__Archaea	p__Thermoproteota	c__Nitrososphaeria	369	5	394168	100	TRUE	GCA_000402075.1	Nitrification_AOA	Ammonia oxidizers	Nitrifier	pelagic_export	O2	Tier1_kegg_present	0.895	KEGG_AOA_AMO	present	0.5	M00528	M00528:0.5	K10944	amoA (K10944)	Könneke et al. 2005 Nature	10.1038/nature04066	""
S__IMGVR_UViG_3300009440_000004	d__Viruses	p__Uroviricota	c__Caudoviricetes	51	5	12007	100	FALSE	IMGVR_UViG_3300009440_000004	Virus_modulator	Viruses	Modulator	pelagic_export	""	Tier1_taxonomy_conserved	0.9	GTDB_VIRUS_MOD	""		""	""	""	Viral genome structure	Suttle 2007 Nat Rev Microbiol; Breitbart 2012 Annu Rev Mar Sci	10.1038/nrmicro1750; 10.1146/annurev-marine-120709-142805	viral_shunt|kill_the_winner|viral_shuttle
S__GCF_003326015.1	d__Bacteria	p__Proteobacteria	c__Gammaproteobacteria	398	5	367624	100	TRUE	GCF_003326015.1	Core_heterotrophy	Heterotrophs	Pelagic_heterotroph	pelagic_export	O2	Tier1_kegg_present	0.99	KEGG_CORE_HET	present	1	M00307;W00008;W00010;W00011	M00307:1;W00008:0.33;W00010:0;W00011:0.38	""	TCA cycle + glycolysis	Universal heterotrophic metabolism	""	""
S__GCA_013911135.1	d__Archaea	p__Thermoproteota	c__Nitrososphaeria	524	5	7123614	100	TRUE	GCA_013911135.1	Nitrification_AOA	Ammonia oxidizers	Nitrifier	pelagic_export	O2	Tier1_kegg_present	0.895	KEGG_AOA_AMO	present	0.5	M00528	M00528:0.5	K10944	amoA (K10944)	Könneke et al. 2005 Nature	10.1038/nature04066	""
S__GCA_004356825.1	d__Bacteria	p__KSB1	c__UBA2214	510	5	1632870	100	TRUE	GCA_004356825.1	Core_heterotrophy	Heterotrophs	Pelagic_heterotroph	pelagic_export	O2	Tier2_kegg_partial	0.6	KEGG_CORE_HET	""		""	""	""	TCA cycle + glycolysis	Universal heterotrophic metabolism	""	""
S__IMGVR_UViG_3300028198_000003	d__Viruses	p__Uroviricota	c__Caudoviricetes	34	5	8855	100	FALSE	IMGVR_UViG_3300028198_000003	Virus_modulator	Viruses	Modulator	pelagic_export	""	Tier1_taxonomy_conserved	0.9	GTDB_VIRUS_MOD	""		""	""	""	Viral genome structure	Suttle 2007 Nat Rev Microbiol; Breitbart 2012 Annu Rev Mar Sci	10.1038/nrmicro1750; 10.1146/annurev-marine-120709-142805	viral_shunt|kill_the_winner|viral_shuttle
S__IMGVR_UViG_3300023239_000003	d__Viruses	p__Uroviricota	c__Caudoviricetes	35	5	9045	100	FALSE	IMGVR_UViG_3300023239_000003	Virus_modulator	Viruses	Modulator	pelagic_export	""	Tier1_taxonomy_conserved	0.9	GTDB_VIRUS_MOD	""		""	""	""	Viral genome structure	Suttle 2007 Nat Rev Microbiol; Breitbart 2012 Annu Rev Mar Sci	10.1038/nrmicro1750; 10.1146/annurev-marine-120709-142805	viral_shunt|kill_the_winner|viral_shuttle
S__GCA_015659595.1	d__Bacteria	p__Myxococcota_A	c__UBA9160	458	5	1294758	100	TRUE	GCA_015659595.1	Core_heterotrophy	Heterotrophs	Pelagic_heterotroph	pelagic_export	O2	Tier1_kegg_present	0.99	KEGG_CORE_HET	present	1	M00307;W00008;W00010;W00011	M00307:1;W00008:0.33;W00010:0;W00011:0.62	""	TCA cycle + glycolysis	Universal heterotrophic metabolism	""	""
S__IMGVR_UViG_3300037585_000783	d__Viruses	p__Uroviricota	c__Caudoviricetes	13	3	2858	100	FALSE	IMGVR_UViG_3300037585_000783	Virus_modulator	Viruses	Modulator	pelagic_export	""	Tier1_taxonomy_conserved	0.9	GTDB_VIRUS_MOD	""		""	""	""	Viral genome structure	Suttle 2007 Nat Rev Microbiol; Breitbart 2012 Annu Rev Mar Sci	10.1038/nrmicro1750; 10.1146/annurev-marine-120709-142805	viral_shunt|kill_the_winner|viral_shuttle
S__GCA_011055585.1	d__Archaea	p__Thermoproteota	c__Nitrososphaeria	469	5	9331334	100	TRUE	GCA_011055585.1	Nitrification_AOA	Ammonia oxidizers	Nitrifier	pelagic_export	O2	Tier1_taxonomy_conserved	0.85	GTDB_AOA	""		""	""	""	amoA (K10944)	Könneke et al. 2005 Nature	10.1038/nature04066	""
S__IMGVR_UViG_GVMAG-S-ERX556043-36_000001	d__Viruses	p__Nucleocytoviricota	c__Megaviricetes	235	5	163679	100	FALSE	IMGVR_UViG_GVMAG-S-ERX556043-36_000001	Virus_modulator	Viruses	Modulator	pelagic_export	""	Tier1_taxonomy_conserved	0.9	GTDB_VIRUS_MOD	""		""	""	""	Viral genome structure	Suttle 2007 Nat Rev Microbiol; Breitbart 2012 Annu Rev Mar Sci	10.1038/nrmicro1750; 10.1146/annurev-marine-120709-142805	viral_shunt|kill_the_winner|viral_shuttle
S__3300027791_27	d__Archaea	p__Thermoplasmatota	c__Poseidoniia	492	5	959137	100	TRUE	3300027791_27	Pelagic_heterotroph_MGII	Heterotrophs	Pelagic_heterotroph	pelagic_export	O2	Tier1_taxonomy_conserved	0.85	GTDB_MGII	""		""	""	""	GTDB c__Poseidoniia	Rinke et al. 2019 ISME J; Zhang et al. 2015 Front Microbiol	10.1038/s41396-018-0282-y; 10.3389/fmicb.2015.01108	""
S__GCA_000383355.1	d__Bacteria	p__Bacteroidota	c__Bacteroidia	454	5	767898	100	TRUE	GCA_000383355.1	Core_heterotrophy	Heterotrophs	Pelagic_heterotroph	pelagic_export	O2	Tier1_kegg_present	0.99	KEGG_CORE_HET	present	1	M00307;W00008;W00010;W00011	M00307:1;W00008:0.33;W00010:0;W00011:0.75	""	TCA cycle + glycolysis	Universal heterotrophic metabolism	""	""
S__3300025276_12	d__Bacteria	p__Bacteroidota	c__Bacteroidia	471	5	901736	100	TRUE	3300025276_12	Core_heterotrophy	Heterotrophs	Pelagic_heterotroph	pelagic_export	O2	Tier1_kegg_present	0.99	KEGG_CORE_HET	present	1	M00307;W00008;W00010;W00011	M00307:1;W00008:0.33;W00010:0;W00011:0.38	""	TCA cycle + glycolysis	Universal heterotrophic metabolism	""	""
S__GCF_002836475.1	d__Bacteria	p__Bacteroidota	c__Bacteroidia	497	5	806410	100	TRUE	GCF_002836475.1	Core_heterotrophy	Heterotrophs	Pelagic_heterotroph	pelagic_export	O2	Tier1_kegg_present	0.99	KEGG_CORE_HET	present	1	M00307;W00008;W00010;W00011	M00307:1;W00008:0.33;W00010:0;W00011:0.75	""	TCA cycle + glycolysis	Universal heterotrophic metabolism	""	""
S__GCA_905182765.1	d__Bacteria	p__Bacteroidota	c__Bacteroidia	370	5	422105	100	TRUE	GCA_905182765.1	Core_heterotrophy	Heterotrophs	Pelagic_heterotroph	pelagic_export	O2	Tier1_kegg_present	0.99	KEGG_CORE_HET	present	1	M00307;W00008;W00010;W00011	M00307:1;W00008:0.33;W00010:1;W00011:0.38	""	TCA cycle + glycolysis	Universal heterotrophic metabolism	""	""
S__3300026264_29	d__Bacteria	p__Marinisomatota	c__Marinisomatia	373	5	244386	100	TRUE	3300026264_29	Core_heterotrophy	Heterotrophs	Pelagic_heterotroph	pelagic_export	O2	Tier1_kegg_present	0.99	KEGG_CORE_HET	present	1	M00307;W00008;W00010;W00011	M00307:1;W00008:0.33;W00010:0;W00011:0.25	""	TCA cycle + glycolysis	Universal heterotrophic metabolism	""	""
S__TARA_ARC_108_MAG_00146	d__Bacteria	p__Verrucomicrobiota	c__Verrucomicrobiae	462	5	1437446	100	TRUE	TARA_ARC_108_MAG_00146	Particle_heterotroph	Particle-attached	Pelagic_heterotroph	particle_associated	O2	Tier1_taxonomy_conserved	0.85	GTDB_PARTICLE_HET	""		""	""	""	Polysaccharide degradation	Teeling et al. 2012 Science	10.1126/science.1218344	""
S__GCA_002295725.1	d__Bacteria	p__Gemmatimonadota	c__Gemmatimonadetes	396	5	690189	100	TRUE	GCA_002295725.1	Core_heterotrophy	Heterotrophs	Pelagic_heterotroph	pelagic_export	O2	Tier2_kegg_partial	0.6	KEGG_CORE_HET	""		""	""	""	TCA cycle + glycolysis	Universal heterotrophic metabolism	""	""
S__3300025894_53	d__Bacteria	p__Bacteroidota	c__Bacteroidia	487	5	985421	100	TRUE	3300025894_53	Particle_heterotroph	Particle-attached	Pelagic_heterotroph	particle_associated	O2	Tier1_taxonomy_conserved	0.85	GTDB_PARTICLE_HET	""		""	""	""	Polysaccharide degradation	Teeling et al. 2012 Science	10.1126/science.1218344	""
S__GCA_002082295.1	d__Bacteria	p__SAR324	c__SAR324	470	5	989576	100	TRUE	GCA_002082295.1	Core_heterotrophy	Heterotrophs	Pelagic_heterotroph	pelagic_export	O2	Tier1_kegg_present	0.99	KEGG_CORE_HET	present	1	M00307;W00008;W00010;W00011	M00307:1;W00008:0.33;W00010:1;W00011:0.5	""	TCA cycle + glycolysis	Universal heterotrophic metabolism	""	""
S__IMGVR_UViG_3300025296_001443	d__Viruses	p__Uroviricota	c__Caudoviricetes	23	5	5984	100	FALSE	IMGVR_UViG_3300025296_001443	Virus_modulator	Viruses	Modulator	pelagic_export	""	Tier1_taxonomy_conserved	0.9	GTDB_VIRUS_MOD	""		""	""	""	Viral genome structure	Suttle 2007 Nat Rev Microbiol; Breitbart 2012 Annu Rev Mar Sci	10.1038/nrmicro1750; 10.1146/annurev-marine-120709-142805	viral_shunt|kill_the_winner|viral_shuttle
S__GCA_902514095.1	d__Archaea	p__Thermoproteota	c__Nitrososphaeria	382	5	278791	100	TRUE	GCA_902514095.1	Nitrification_AOA	Ammonia oxidizers	Nitrifier	pelagic_export	O2	Tier1_kegg_present	0.895	KEGG_AOA_AMO	present	0.5	M00528	M00528:0.5	K10944	amoA (K10944)	Könneke et al. 2005 Nature	10.1038/nature04066	""
S__IMGVR_UViG_3300025632_000006	d__Viruses	p__Uroviricota	c__Caudoviricetes	24	5	6243	100	FALSE	IMGVR_UViG_3300025632_000006	Virus_modulator	Viruses	Modulator	pelagic_export	""	Tier1_taxonomy_conserved	0.9	GTDB_VIRUS_MOD	""		""	""	""	Viral genome structure	Suttle 2007 Nat Rev Microbiol; Breitbart 2012 Annu Rev Mar Sci	10.1038/nrmicro1750; 10.1146/annurev-marine-120709-142805	viral_shunt|kill_the_winner|viral_shuttle
S__3300027844_79	d__Archaea	p__Thermoplasmatota	c__Poseidoniia	443	5	382744	100	TRUE	3300027844_79	Pelagic_heterotroph_MGII	Heterotrophs	Pelagic_heterotroph	pelagic_export	O2	Tier1_taxonomy_conserved	0.85	GTDB_MGII	""		""	""	""	GTDB c__Poseidoniia	Rinke et al. 2019 ISME J; Zhang et al. 2015 Front Microbiol	10.1038/s41396-018-0282-y; 10.3389/fmicb.2015.01108	""
S__GCA_008974855.1	d__Archaea	p__Thermoproteota	c__Nitrososphaeria	510	5	4576428	100	TRUE	GCA_008974855.1	Nitrification_AOA	Ammonia oxidizers	Nitrifier	pelagic_export	O2	Tier1_kegg_present	0.895	KEGG_AOA_AMO	present	0.5	M00528	M00528:0.5	K10944	amoA (K10944)	Könneke et al. 2005 Nature	10.1038/nature04066	""
S__GCA_905480095.1	d__Bacteria	p__Bacteroidota	c__Bacteroidia	422	5	749058	100	TRUE	GCA_905480095.1	Core_heterotrophy	Heterotrophs	Pelagic_heterotroph	pelagic_export	O2	Tier1_kegg_present	0.99	KEGG_CORE_HET	present	1	M00307;W00008;W00010;W00011	M00307:1;W00008:0.33;W00010:0;W00011:0.5	""	TCA cycle + glycolysis	Universal heterotrophic metabolism	""	""
S__GCA_905480315.1	d__Bacteria	p__Bacteroidota	c__Bacteroidia	227	5	238275	100	TRUE	GCA_905480315.1	Particle_heterotroph	Particle-attached	Pelagic_heterotroph	particle_associated	O2	Tier1_taxonomy_conserved	0.85	GTDB_PARTICLE_HET	""		""	""	""	Polysaccharide degradation	Teeling et al. 2012 Science	10.1126/science.1218344	""
S__3300027779_22	d__Bacteria	p__Marinisomatota	c__Marinisomatia	491	5	798153	100	TRUE	3300027779_22	Core_heterotrophy	Heterotrophs	Pelagic_heterotroph	pelagic_export	O2	Tier1_kegg_present	0.99	KEGG_CORE_HET	present	1	M00307;W00008;W00010;W00011	M00307:1;W00008:0.33;W00010:0;W00011:0.62	""	TCA cycle + glycolysis	Universal heterotrophic metabolism	""	""
S__TARA_ARC_NCLDV_00176	d__Viruses	p__Nucleocytoviricota	c__Megaviricetes	66	5	13264	100	FALSE	TARA_ARC_NCLDV_00176	Virus_modulator	Viruses	Modulator	pelagic_export	""	Tier1_taxonomy_conserved	0.9	GTDB_VIRUS_MOD	""		""	""	""	Viral genome structure	Suttle 2007 Nat Rev Microbiol; Breitbart 2012 Annu Rev Mar Sci	10.1038/nrmicro1750; 10.1146/annurev-marine-120709-142805	viral_shunt|kill_the_winner|viral_shuttle
S__TARA_ARC_NCLDV_00127	d__Viruses	p__Nucleocytoviricota	c__Megaviricetes	60	5	18637	100	FALSE	TARA_ARC_NCLDV_00127	Virus_modulator	Viruses	Modulator	pelagic_export	""	Tier1_taxonomy_conserved	0.9	GTDB_VIRUS_MOD	""		""	""	""	Viral genome structure	Suttle 2007 Nat Rev Microbiol; Breitbart 2012 Annu Rev Mar Sci	10.1038/nrmicro1750; 10.1146/annurev-marine-120709-142805	viral_shunt|kill_the_winner|viral_shuttle
S__Schulz_GVMAG_S_1102114_126	d__Viruses	p__Nucleocytoviricota	c__Megaviricetes	119	5	37054	100	FALSE	Schulz_GVMAG_S_1102114_126	Virus_modulator	Viruses	Modulator	pelagic_export	""	Tier1_taxonomy_conserved	0.9	GTDB_VIRUS_MOD	""		""	""	""	Viral genome structure	Suttle 2007 Nat Rev Microbiol; Breitbart 2012 Annu Rev Mar Sci	10.1038/nrmicro1750; 10.1146/annurev-marine-120709-142805	viral_shunt|kill_the_winner|viral_shuttle
S__IMGVR_UViG_3300027861_000023	d__Viruses	p__Uroviricota	c__Caudoviricetes	40	5	8274	100	FALSE	IMGVR_UViG_3300027861_000023	Virus_modulator	Viruses	Modulator	pelagic_export	""	Tier1_taxonomy_conserved	0.9	GTDB_VIRUS_MOD	""		""	""	""	Viral genome structure	Suttle 2007 Nat Rev Microbiol; Breitbart 2012 Annu Rev Mar Sci	10.1038/nrmicro1750; 10.1146/annurev-marine-120709-142805	viral_shunt|kill_the_winner|viral_shuttle
S__3300020317_19	d__Bacteria	p__Proteobacteria	c__Gammaproteobacteria	202	5	108842	100	TRUE	3300020317_19	Pelagic_heterotroph	Heterotrophs	Pelagic_heterotroph	pelagic_export	O2	Tier1_taxonomy_conserved	0.85	GTDB_PELAGIC_HET	""		""	""	""	Core carbon metabolism	Giovannoni 2017 Annu Rev Mar Sci	10.1146/annurev-marine-010814-015934	""
S__Schulz_GVMAG_S_1102104_120	d__Viruses	p__Nucleocytoviricota	c__Megaviricetes	131	5	45686	100	FALSE	Schulz_GVMAG_S_1102104_120	Virus_modulator	Viruses	Modulator	pelagic_export	""	Tier1_taxonomy_conserved	0.9	GTDB_VIRUS_MOD	""		""	""	""	Viral genome structure	Suttle 2007 Nat Rev Microbiol; Breitbart 2012 Annu Rev Mar Sci	10.1038/nrmicro1750; 10.1146/annurev-marine-120709-142805	viral_shunt|kill_the_winner|viral_shuttle
S__3300001683_28	d__Bacteria	p__Chloroflexota	c__Dehalococcoidia	469	5	870635	100	TRUE	3300001683_28	Dehalococcoidia	Diagenetic	Diagenetic_acetogen	diagenetic_in_situ	CO2	Tier1_taxonomy_conserved	0.85	GTDB_ACETO_DIAG	""		""	""	""	acsB/fhs (WL pathway)	Drake et al. 2008 Ann NY Acad Sci; Ragsdale & Pierce 2008 Biochim Biophys Acta	10.1196/annals.1419.016; 10.1016/j.bbapap.2008.08.012	""
S__IMGVR_UViG_GVMAG-S-ERX556030-34_000001	d__Viruses	p__Nucleocytoviricota	c__Megaviricetes	113	5	32185	100	FALSE	IMGVR_UViG_GVMAG-S-ERX556030-34_000001	Virus_modulator	Viruses	Modulator	pelagic_export	""	Tier1_taxonomy_conserved	0.9	GTDB_VIRUS_MOD	""		""	""	""	Viral genome structure	Suttle 2007 Nat Rev Microbiol; Breitbart 2012 Annu Rev Mar Sci	10.1038/nrmicro1750; 10.1146/annurev-marine-120709-142805	viral_shunt|kill_the_winner|viral_shuttle
S__GCA_018673385.1	d__Bacteria	p__Bacteroidota	c__Bacteroidia	349	5	317852	100	TRUE	GCA_018673385.1	Particle_heterotroph	Particle-attached	Pelagic_heterotroph	particle_associated	O2	Tier1_taxonomy_conserved	0.85	GTDB_PARTICLE_HET	""		""	""	""	Polysaccharide degradation	Teeling et al. 2012 Science	10.1126/science.1218344	""
S__TARA_ARC_NCLDV_00036	d__Viruses	p__Nucleocytoviricota	c__Megaviricetes	49	5	39890	100	FALSE	TARA_ARC_NCLDV_00036	Virus_modulator	Viruses	Modulator	pelagic_export	""	Tier1_taxonomy_conserved	0.9	GTDB_VIRUS_MOD	""		""	""	""	Viral genome structure	Suttle 2007 Nat Rev Microbiol; Breitbart 2012 Annu Rev Mar Sci	10.1038/nrmicro1750; 10.1146/annurev-marine-120709-142805	viral_shunt|kill_the_winner|viral_shuttle
S__GCA_003229345.1	d__Bacteria	p__Nitrospinota	c__Nitrospinia	443	5	468325	100	TRUE	GCA_003229345.1	Core_heterotrophy	Heterotrophs	Pelagic_heterotroph	pelagic_export	O2	Tier1_kegg_present	0.99	KEGG_CORE_HET	present	1	M00307;W00008;W00010;W00011	M00307:1;W00008:0.33;W00010:0;W00011:0.25	""	TCA cycle + glycolysis	Universal heterotrophic metabolism	""	""
S__GCA_002313235.1	d__Bacteria	p__Gemmatimonadota	c__Gemmatimonadetes	377	5	458803	100	TRUE	GCA_002313235.1	Unknown	Other	Unknown	uncertain	Unknown	Tier3_unknown	0.1	""	""		""	""	""	""	""	""	""
S__GCA_905182065.1	d__Bacteria	p__Bacteroidota	c__Bacteroidia	334	5	218898	100	TRUE	GCA_905182065.1	Particle_heterotroph	Particle-attached	Pelagic_heterotroph	particle_associated	O2	Tier1_taxonomy_conserved	0.85	GTDB_PARTICLE_HET	""		""	""	""	Polysaccharide degradation	Teeling et al. 2012 Science	10.1126/science.1218344	""
S__GCA_016777365.1	d__Bacteria	p__Bacteroidota	c__Bacteroidia	221	5	166679	100	TRUE	GCA_016777365.1	Particle_heterotroph	Particle-attached	Pelagic_heterotroph	particle_associated	O2	Tier1_taxonomy_conserved	0.85	GTDB_PARTICLE_HET	""		""	""	""	Polysaccharide degradation	Teeling et al. 2012 Science	10.1126/science.1218344	""
S__GCA_016838845.1	d__Archaea	p__Thermoproteota	c__Nitrososphaeria	467	5	7811028	100	TRUE	GCA_016838845.1	Nitrification_AOA	Ammonia oxidizers	Nitrifier	pelagic_export	O2	Tier1_kegg_present	0.895	KEGG_AOA_AMO	present	0.5	M00528	M00528:0.5	K10944	amoA (K10944)	Könneke et al. 2005 Nature	10.1038/nature04066	""
S__GCA_905620445.1	d__Bacteria	p__Proteobacteria	c__Gammaproteobacteria	395	5	236746	100	TRUE	GCA_905620445.1	Pelagic_heterotroph	Heterotrophs	Pelagic_heterotroph	pelagic_export	O2	Tier1_taxonomy_conserved	0.85	GTDB_PELAGIC_HET	""		""	""	""	Core carbon metabolism	Giovannoni 2017 Annu Rev Mar Sci	10.1146/annurev-marine-010814-015934	""
S__GCA_000213395.2	d__Bacteria	p__Proteobacteria	c__Gammaproteobacteria	438	5	337342	100	TRUE	GCA_000213395.2	Pelagic_heterotroph	Heterotrophs	Pelagic_heterotroph	pelagic_export	O2	Tier1_taxonomy_conserved	0.85	GTDB_PELAGIC_HET	""		""	""	""	Core carbon metabolism	Giovannoni 2017 Annu Rev Mar Sci	10.1146/annurev-marine-010814-015934	""
S__IMGVR_UViG_3300046168_000044	d__Viruses	p__Nucleocytoviricota	c__Megaviricetes	60	5	19976	100	FALSE	IMGVR_UViG_3300046168_000044	Virus_modulator	Viruses	Modulator	pelagic_export	""	Tier1_taxonomy_conserved	0.9	GTDB_VIRUS_MOD	""		""	""	""	Viral genome structure	Suttle 2007 Nat Rev Microbiol; Breitbart 2012 Annu Rev Mar Sci	10.1038/nrmicro1750; 10.1146/annurev-marine-120709-142805	viral_shunt|kill_the_winner|viral_shuttle
S__3300026087_14	d__Bacteria	p__Marinisomatota	c__Marinisomatia	414	5	526487	100	TRUE	3300026087_14	Core_heterotrophy	Heterotrophs	Pelagic_heterotroph	pelagic_export	O2	Tier1_kegg_present	0.99	KEGG_CORE_HET	present	1	M00307;W00008;W00010;W00011	M00307:1;W00008:0.33;W00010:0;W00011:0.25	""	TCA cycle + glycolysis	Universal heterotrophic metabolism	""	""
S__GCF_014279835.1	d__Bacteria	p__Cyanobacteria	c__Cyanobacteriia	315	5	333353	100	TRUE	GCF_014279835.1	Core_heterotrophy	Heterotrophs	Pelagic_heterotroph	pelagic_export	O2	Tier1_kegg_present	0.99	KEGG_CORE_HET	present	1	M00307;W00008;W00010;W00011	M00307:1;W00008:0.33;W00010:0;W00011:0.12	""	TCA cycle + glycolysis	Universal heterotrophic metabolism	""	""
S__IMGVR_UViG_3300020185_000065	d__Viruses	p__Uroviricota	c__Caudoviricetes	23	5	4216	100	FALSE	IMGVR_UViG_3300020185_000065	Virus_modulator	Viruses	Modulator	pelagic_export	""	Tier1_taxonomy_conserved	0.9	GTDB_VIRUS_MOD	""		""	""	""	Viral genome structure	Suttle 2007 Nat Rev Microbiol; Breitbart 2012 Annu Rev Mar Sci	10.1038/nrmicro1750; 10.1146/annurev-marine-120709-142805	viral_shunt|kill_the_winner|viral_shuttle
S__GCA_004356895.1	d__Bacteria	p__Proteobacteria	c__Gammaproteobacteria	444	5	788695	100	TRUE	GCA_004356895.1	Core_heterotrophy	Heterotrophs	Pelagic_heterotroph	pelagic_export	O2	Tier1_kegg_present	0.99	KEGG_CORE_HET	present	1	M00307;W00008;W00010;W00011	M00307:1;W00008:0.67;W00010:0;W00011:0.62	""	TCA cycle + glycolysis	Universal heterotrophic metabolism	""	""
S__GCA_905182435.1	d__Bacteria	p__Verrucomicrobiota	c__Verrucomicrobiae	383	5	327485	100	TRUE	GCA_905182435.1	Particle_heterotroph	Particle-attached	Pelagic_heterotroph	particle_associated	O2	Tier1_taxonomy_conserved	0.85	GTDB_PARTICLE_HET	""		""	""	""	Polysaccharide degradation	Teeling et al. 2012 Science	10.1126/science.1218344	""
S__3300026253_8	d__Bacteria	p__Planctomycetota	c__Planctomycetia	506	5	1109178	100	TRUE	3300026253_8	Core_heterotrophy	Heterotrophs	Pelagic_heterotroph	pelagic_export	O2	Tier1_kegg_present	0.99	KEGG_CORE_HET	present	1	M00307;W00008;W00010;W00011	M00307:1;W00008:0.33;W00010:1;W00011:0.25	""	TCA cycle + glycolysis	Universal heterotrophic metabolism	""	""
S__GCA_905478445.1	d__Bacteria	p__Bacteroidota	c__Bacteroidia	358	5	472876	100	TRUE	GCA_905478445.1	Core_heterotrophy	Heterotrophs	Pelagic_heterotroph	pelagic_export	O2	Tier1_kegg_present	0.99	KEGG_CORE_HET	present	1	M00307;W00008;W00010;W00011	M00307:1;W00008:0.33;W00010:0;W00011:0.75	""	TCA cycle + glycolysis	Universal heterotrophic metabolism	""	""
S__IMGVR_UViG_3300006310_000001	d__Viruses	p__Uroviricota	c__Caudoviricetes	89	5	30156	100	FALSE	IMGVR_UViG_3300006310_000001	Virus_modulator	Viruses	Modulator	pelagic_export	""	Tier1_taxonomy_conserved	0.9	GTDB_VIRUS_MOD	""		""	""	""	Viral genome structure	Suttle 2007 Nat Rev Microbiol; Breitbart 2012 Annu Rev Mar Sci	10.1038/nrmicro1750; 10.1146/annurev-marine-120709-142805	viral_shunt|kill_the_winner|viral_shuttle
S__IMGVR_UViG_3300046532_001046	d__Viruses	p__Uroviricota	c__Caudoviricetes	23	5	5320	100	FALSE	IMGVR_UViG_3300046532_001046	Virus_modulator	Viruses	Modulator	pelagic_export	""	Tier1_taxonomy_conserved	0.9	GTDB_VIRUS_MOD	""		""	""	""	Viral genome structure	Suttle 2007 Nat Rev Microbiol; Breitbart 2012 Annu Rev Mar Sci	10.1038/nrmicro1750; 10.1146/annurev-marine-120709-142805	viral_shunt|kill_the_winner|viral_shuttle
S__TARA_SOC_28_MAG_00007	d__Bacteria	p__Proteobacteria	c__Gammaproteobacteria	494	5	911492	100	TRUE	TARA_SOC_28_MAG_00007	Pelagic_heterotroph	Heterotrophs	Pelagic_heterotroph	pelagic_export	O2	Tier1_taxonomy_conserved	0.85	GTDB_PELAGIC_HET	""		""	""	""	Core carbon metabolism	Giovannoni 2017 Annu Rev Mar Sci	10.1146/annurev-marine-010814-015934	""
S__IMGVR_UViG_3300023238_000017	d__Viruses	p__Uroviricota	c__Caudoviricetes	27	5	3847	100	FALSE	IMGVR_UViG_3300023238_000017	Virus_modulator	Viruses	Modulator	pelagic_export	""	Tier1_taxonomy_conserved	0.9	GTDB_VIRUS_MOD	""		""	""	""	Viral genome structure	Suttle 2007 Nat Rev Microbiol; Breitbart 2012 Annu Rev Mar Sci	10.1038/nrmicro1750; 10.1146/annurev-marine-120709-142805	viral_shunt|kill_the_winner|viral_shuttle
S__IMGVR_UViG_3300021087_000038	d__Viruses	p__Uroviricota	c__Caudoviricetes	10	4	1289	100	FALSE	IMGVR_UViG_3300021087_000038	Virus_modulator	Viruses	Modulator	pelagic_export	""	Tier1_taxonomy_conserved	0.9	GTDB_VIRUS_MOD	""		""	""	""	Viral genome structure	Suttle 2007 Nat Rev Microbiol; Breitbart 2012 Annu Rev Mar Sci	10.1038/nrmicro1750; 10.1146/annurev-marine-120709-142805	viral_shunt|kill_the_winner|viral_shuttle
S__GCA_002335045.1	d__Bacteria	p__Proteobacteria	c__Gammaproteobacteria	161	5	120675	100	TRUE	GCA_002335045.1	Sulfate_reduction_diagenetic	Diagenetic	Diagenetic_SRB	diagenetic_in_situ	SO4--	Tier1_kegg_present	0.99	KEGG_SRB	present	1	M00596	M00596:1	K11180;K11181	dsrA/dsrB (K11180/K11181)	Müller et al. 2015 ISME J	10.1038/ismej.2014.208	""
S__GCA_012974305.1	d__Bacteria	p__Methylomirabilota	c__Methylomirabilia	233	5	2526358	100	TRUE	GCA_012974305.1	Core_heterotrophy	Heterotrophs	Pelagic_heterotroph	pelagic_export	O2	Tier1_kegg_present	0.99	KEGG_CORE_HET	present	1	M00307;W00008;W00010;W00011	M00307:1;W00008:0.33;W00010:0;W00011:0.38	""	TCA cycle + glycolysis	Universal heterotrophic metabolism	""	""
