name	domain	phylum	functional_group	signal_source	tea_primary	confidence_score	module_completeness_detail
S__GCA_016782865.1	d__Bacteria	p__Planctomycetota	Core_heterotrophy	pelagic_export	O2	0.99	M00307:1;W00008:0.33;W00010:0;W00011:0.38
S__GCA_011049715.1	d__Bacteria	p__Desulfobacterota	Sulfate_reduction_diagenetic	diagenetic_in_situ	SO4--	0.99	M00596:1
S__GCA_012974305.1	d__Bacteria	p__Methylomirabilota	Core_heterotrophy	pelagic_export	O2	0.99	M00307:1;W00008:0.33;W00010:0;W00011:0.38
S__GCA_001795235.1	d__Bacteria	p__Chloroflexota	Dehalococcoidia	diagenetic_in_situ	CO2	0.85	""
S__GCA_003331785.1	d__Bacteria	p__Cyanobacteria	Oxygenic_photosynthesis	pelagic_export	O2	0.85	""
S__GCA_017368835.1	d__Bacteria	p__Planctomycetota	Anammox	particle_associated	NO2-/NH4+	0.968888888888889	M00973:0.89
S__GCA_905182465.1	d__Bacteria	p__Verrucomicrobiota	Particle_heterotroph	particle_associated	O2	0.85	""
S__GCA_001643535.1	d__Bacteria	p__Methylomirabilota	Core_heterotrophy	pelagic_export	O2	0.99	M00307:1;W00008:0.33;W00010:0;W00011:0.12
S__TARA_ARC_108_MAG_00181	d__Bacteria	p__Proteobacteria	Pelagic_heterotroph	pelagic_export	O2	0.85	""
S__GCA_017854145.1	d__Bacteria	p__Bacteroidota	Core_heterotrophy	pelagic_export	O2	0.99	M00307:1;W00008:0.33;W00010:0;W00011:0.75
S__GCA_009392435.1	d__Bacteria	p__Chloroflexota	Dehalococcoidia	diagenetic_in_situ	CO2	0.85	""
S__3300020262_3	d__Bacteria	p__Desulfobacterota	Sulfate_reduction_diagenetic	diagenetic_in_situ	SO4--	0.99	M00596:1
S__GCA_003228685.1	d__Bacteria	p__Chloroflexota	Dehalococcoidia	diagenetic_in_situ	CO2	0.85	""
S__IMGVR_UViG_GVMAG-M-3300023179-21_000001	d__Viruses	p__Nucleocytoviricota	Virus_modulator	pelagic_export	""	0.9	""
S__GCA_905480315.1	d__Bacteria	p__Bacteroidota	Particle_heterotroph	particle_associated	O2	0.85	""
S__3300027687_10	d__Bacteria	p__Proteobacteria	Core_heterotrophy	pelagic_export	O2	0.99	M00307:1;W00008:0.33;W00010:0;W00011:0.5
S__3300020300_16	d__Bacteria	p__Planctomycetota	Anammox	particle_associated	NO2-/NH4+	0.85	""
S__GCF_000315075.1	d__Bacteria	p__Proteobacteria	Core_heterotrophy	pelagic_export	O2	0.99	M00307:1;W00008:0.33;W00010:1;W00011:0.5
S__GCA_016777365.1	d__Bacteria	p__Bacteroidota	Particle_heterotroph	particle_associated	O2	0.85	""
S__GCA_004195625.1	d__Archaea	p__Thermoplasmatota	Pelagic_heterotroph_MGII	pelagic_export	O2	0.85	""
S__GCA_002862205.1	d__Bacteria	p__Planctomycetota	Core_heterotrophy	pelagic_export	O2	0.99	M00307:1;W00008:0.33;W00010:1;W00011:0.38
S__GCA_012974425.1	d__Bacteria	p__Desulfobacterota	Sulfate_reduction_diagenetic	diagenetic_in_situ	SO4--	0.85	""
S__3300020330_9	d__Bacteria	p__Nitrospinota	Nitrite_oxidation_NOB	pelagic_export	O2	0.85	""
S__TARA_PON_109_MAG_00083	d__Bacteria	p__Planctomycetota	Core_heterotrophy	pelagic_export	O2	0.99	M00307:1;W00008:0.33;W00010:1;W00011:0.38
S__GCA_012961035.1	d__Bacteria	p__Actinobacteriota	Core_heterotrophy	pelagic_export	O2	0.99	M00307:0.67;W00008:0.33;W00010:1;W00011:0.88
S__3300025243_6	d__Bacteria	p__Actinobacteriota	Core_heterotrophy	pelagic_export	O2	0.99	M00307:0.67;W00008:0.33;W00010:1;W00011:0.88
S__GCA_905182495.1	d__Bacteria	p__Bacteroidota	Particle_heterotroph	particle_associated	O2	0.85	""
S__GCA_015492195.1	d__Bacteria	p__Proteobacteria	Sulfate_reduction_diagenetic	diagenetic_in_situ	SO4--	0.99	M00596:1
S__Schulz_GVMAG_M_3300025652_16	d__Viruses	p__Nucleocytoviricota	Virus_modulator	pelagic_export	""	0.9	""
S__GCA_014523485.1	d__Archaea	p__Thermoproteota	Nitrification_AOA	pelagic_export	O2	0.85	""
S__GCF_014279835.1	d__Bacteria	p__Cyanobacteria	Core_heterotrophy	pelagic_export	O2	0.99	M00307:1;W00008:0.33;W00010:0;W00011:0.12
S__GCA_003526595.1	d__Bacteria	p__Nitrospinota	Nitrite_oxidation_NOB	pelagic_export	O2	0.85	""
S__GCA_905612365.1	d__Bacteria	p__Proteobacteria	Core_heterotrophy	pelagic_export	O2	0.99	M00307:0.67;W00008:0.33;W00010:1;W00011:0.12
S__GCA_002686855.1	d__Archaea	p__Nanoarchaeota	Symbiont_DPANN	uncertain	Host-dependent	0.7	""
S__GCA_018263435.1	d__Bacteria	p__Planctomycetota	Anammox	particle_associated	NO2-/NH4+	0.85	""
S__GCA_013349685.1	d__Bacteria	p__Proteobacteria	Core_heterotrophy	pelagic_export	O2	0.99	M00307:1;W00008:0.33;W00010:0;W00011:0.62
S__GCA_905182775.1	d__Bacteria	p__Bacteroidota	Particle_heterotroph	particle_associated	O2	0.85	""
S__GCA_015659465.1	d__Bacteria	p__Proteobacteria	Nitrification_AOB	pelagic_export	O2	0.895	M00528:0.5
S__GCA_015222795.1	d__Bacteria	p__Proteobacteria	Sulfate_reduction_diagenetic	diagenetic_in_situ	SO4--	0.99	M00596:1
S__3300024060_27	d__Bacteria	p__Proteobacteria	Core_heterotrophy	pelagic_export	O2	0.99	M00307:1;W00008:0.33;W00010:1;W00011:0.25
S__GCA_001303465.1	d__Bacteria	p__Planctomycetota	Core_heterotrophy	pelagic_export	O2	0.99	M00307:1;W00008:0.33;W00010:0;W00011:0.25
S__3300025823_18	d__Bacteria	p__Proteobacteria	Core_heterotrophy	pelagic_export	O2	0.99	M00307:1;W00008:0.33;W00010:0;W00011:0.62
S__GCF_000347635.1	d__Bacteria	p__Proteobacteria	Core_heterotrophy	pelagic_export	O2	0.99	M00307:1;W00008:0.33;W00010:1;W00011:0.5
S__3300020317_19	d__Bacteria	p__Proteobacteria	Pelagic_heterotroph	pelagic_export	O2	0.85	""
S__GCA_008974985.1	d__Bacteria	p__Proteobacteria	Core_heterotrophy	pelagic_export	O2	0.99	M00307:1;W00008:0.33;W00010:1;W00011:0.75
S__3300020364_17	d__Bacteria	p__Proteobacteria	Sulfate_reduction_diagenetic	diagenetic_in_situ	SO4--	0.99	M00596:1
S__GCA_002725915.1	d__Bacteria	p__Latescibacterota	Core_heterotrophy	pelagic_export	O2	0.6	""
S__TARA_MED_95_MAG_00363	d__Bacteria	p__Planctomycetota	Core_heterotrophy	pelagic_export	O2	0.99	M00307:1;W00008:0.33;W00010:0;W00011:0.5
S__3300028197_7	d__Bacteria	p__Verrucomicrobiota	Particle_heterotroph	particle_associated	O2	0.85	""
S__GCA_004357475.1	d__Bacteria	p__Proteobacteria	Core_heterotrophy	pelagic_export	O2	0.99	M00307:1;W00008:0.33;W00010:0;W00011:0.5
S__GCA_016178045.1	d__Bacteria	p__Chloroflexota	Dehalococcoidia	diagenetic_in_situ	CO2	0.85	""
S__GCA_009937305.1	d__Bacteria	p__Verrucomicrobiota	Core_heterotrophy	pelagic_export	O2	0.99	M00307:0.75;W00008:0.33;W00010:1;W00011:0.25
S__3300027791_18	d__Bacteria	p__Proteobacteria	Core_heterotrophy	pelagic_export	O2	0.99	M00307:1;W00008:0.33;W00010:0;W00011:0.5
S__3300020444_12	d__Bacteria	p__Actinobacteriota	Core_heterotrophy	uncertain	O2	0.7	""
S__GCA_905181585.1	d__Bacteria	p__Bacteroidota	Particle_heterotroph	particle_associated	O2	0.85	""
S__GCA_013390375.1	d__Archaea	p__Thermoproteota	Nitrification_AOA	pelagic_export	O2	0.895	M00528:0.5
S__3300024433_21	d__Bacteria	p__Acidobacteriota	Core_heterotrophy	pelagic_export	O2	0.99	M00307:1;W00008:0.33;W00010:0;W00011:0.38
S__GCA_013215605.1	d__Bacteria	p__Myxococcota_A	Core_heterotrophy	pelagic_export	O2	0.99	M00307:1;W00008:0.33;W00010:1;W00011:0.75
S__GCA_018665385.1	d__Bacteria	p__Planctomycetota	Core_heterotrophy	pelagic_export	O2	0.99	M00307:1;W00008:0.33;W00010:0;W00011:0.38
S__GCA_014239335.1	d__Bacteria	p__Verrucomicrobiota	Core_heterotrophy	pelagic_export	O2	0.99	M00307:0.33;W00008:0.33;W00010:1;W00011:0.25
S__3300027685_18	d__Bacteria	p__Verrucomicrobiota	Particle_heterotroph	particle_associated	O2	0.85	""
S__GCA_002731735.1	d__Bacteria	p__Gemmatimonadota	Core_heterotrophy	pelagic_export	O2	0.6	""
S__GCA_018674955.1	d__Bacteria	p__Verrucomicrobiota	Core_heterotrophy	pelagic_export	O2	0.99	M00307:1;W00008:0.33;W00010:0;W00011:0.38
S__GCA_905181955.1	d__Bacteria	p__Proteobacteria	Pelagic_heterotroph	pelagic_export	O2	0.85	""
S__3300027801_51	d__Bacteria	p__Proteobacteria	Pelagic_heterotroph	pelagic_export	O2	0.85	""
S__GCA_018675705.1	d__Bacteria	p__Planctomycetota	Particle_heterotroph	particle_associated	O2	0.85	""
S__GCA_002317795.1	d__Archaea	p__Thermoproteota	Nitrification_AOA	pelagic_export	O2	0.895	M00528:0.5
S__GCA_905182665.1	d__Bacteria	p__Proteobacteria	Core_heterotrophy	pelagic_export	O2	0.99	M00307:1;W00008:0.33;W00010:1;W00011:0.62
S__GCA_012960305.1	d__Bacteria	p__Proteobacteria	Core_heterotrophy	pelagic_export	O2	0.99	M00307:1;W00008:0.67;W00010:0;W00011:0.5
S__GCA_002335045.1	d__Bacteria	p__Proteobacteria	Sulfate_reduction_diagenetic	diagenetic_in_situ	SO4--	0.99	M00596:1
S__3300024431_6	d__Bacteria	p__Acidobacteriota	Core_heterotrophy	pelagic_export	O2	0.99	M00307:0.33;W00008:1;W00010:0;W00011:0.62
S__GCA_003644175.1	d__Bacteria	p__Planctomycetota	Core_heterotrophy	pelagic_export	O2	0.99	M00307:1;W00008:0.33;W00010:0;W00011:0.12
S__GCA_015659905.1	d__Bacteria	p__Proteobacteria	Core_heterotrophy	pelagic_export	O2	0.99	M00307:1;W00008:0.67;W00010:0;W00011:0.5
S__GCA_011053245.1	d__Bacteria	p__Planctomycetota	Core_heterotrophy	pelagic_export	O2	0.99	M00307:1;W00008:0.33;W00010:0;W00011:0.12
S__GCA_001543015.1	d__Archaea	p__Thermoproteota	Nitrification_AOA	pelagic_export	O2	0.895	M00528:0.5
S__3300024516_14	d__Bacteria	p__Proteobacteria	Core_heterotrophy	pelagic_export	O2	0.99	M00307:1;W00008:0.67;W00010:0;W00011:0.5
S__GCA_002816875.1	d__Bacteria	p__Chloroflexota	Dehalococcoidia	diagenetic_in_situ	CO2	0.85	""
S__GCA_002726245.1	d__Bacteria	p__Planctomycetota	Core_heterotrophy	pelagic_export	O2	0.99	M00307:1;W00008:0.67;W00010:0;W00011:0.25
S__3300020303_2	d__Bacteria	p__Proteobacteria	Sulfate_reduction_diagenetic	diagenetic_in_situ	SO4--	0.99	M00596:1
S__GCA_002499365.1	d__Archaea	p__Thermoplasmatota	Pelagic_heterotroph_MGII	pelagic_export	O2	0.85	""
S__GCA_013813135.1	d__Bacteria	p__Actinobacteriota	Core_heterotrophy	uncertain	O2	0.7	""
S__GCA_009937425.1	d__Bacteria	p__Proteobacteria	Denitrification	particle_associated	NO3-	0.9425	M00530:0.75
S__3300027685_33	d__Bacteria	p__Proteobacteria	Core_heterotrophy	pelagic_export	O2	0.99	M00307:1;W00008:0.33;W00010:0;W00011:0.5
S__3300026087_19	d__Archaea	p__Thermoplasmatota	Pelagic_heterotroph_MGII	pelagic_export	O2	0.85	""
S__GCA_018651215.1	d__Archaea	p__Nanoarchaeota	Symbiont_DPANN	uncertain	Host-dependent	0.7	""
S__3300027685_7	d__Bacteria	p__Latescibacterota	Core_heterotrophy	pelagic_export	O2	0.99	M00307:1;W00008:0.33;W00010:0;W00011:0.25
S__3300010316_3	d__Bacteria	p__Bacteroidota	Particle_heterotroph	particle_associated	O2	0.85	""
S__3300020396_14	d__Bacteria	p__Bacteroidota	Core_heterotrophy	pelagic_export	O2	0.99	M00307:1;W00008:0.33;W00010:0;W00011:0.62
S__3300027700_11	d__Bacteria	p__Chloroflexota	Dehalococcoidia	diagenetic_in_situ	CO2	0.85	""
S__GCA_013619155.1	d__Bacteria	p__Desulfobacterota	Sulfate_reduction_diagenetic	diagenetic_in_situ	SO4--	0.99	M00596:1
S__3300024431_52	d__Archaea	p__Thermoproteota	Nitrification_AOA	pelagic_export	O2	0.895	M00528:0.5
S__3300027847_15	d__Bacteria	p__Verrucomicrobiota	Core_heterotrophy	pelagic_export	O2	0.99	M00307:1;W00008:0.33;W00010:0;W00011:0.5
S__GCF_014077065.1	d__Bacteria	p__Proteobacteria	Core_heterotrophy	pelagic_export	O2	0.99	M00307:1;W00008:0.33;W00010:0;W00011:0.38
S__GCF_004137345.1	d__Bacteria	p__Actinobacteriota	Core_heterotrophy	pelagic_export	O2	0.99	M00307:1;W00008:0.33;W00010:1;W00011:0.75
S__3300025792_6	d__Archaea	p__Thermoproteota	Nitrification_AOA	pelagic_export	O2	0.85	""
S__GCA_003545625.1	d__Bacteria	p__Nitrospinota	Nitrite_oxidation_NOB	pelagic_export	O2	0.85	""
S__GCA_012960345.1	d__Bacteria	p__Proteobacteria	Sulfate_reduction_diagenetic	diagenetic_in_situ	SO4--	0.99	M00596:1
S__GCA_004357655.1	d__Bacteria	p__Planctomycetota	Core_heterotrophy	pelagic_export	O2	0.99	M00307:1;W00008:0.33;W00010:0;W00011:0.5
S__GCA_002726085.1	d__Bacteria	p__Acidobacteriota	Denitrification	particle_associated	NO3-	0.9425	M00530:0.75
S__GCA_018644615.1	d__Bacteria	p__Proteobacteria	Sulfate_reduction_diagenetic	diagenetic_in_situ	SO4--	0.99	M00596:1
S__GCA_902806065.1	d__Bacteria	p__Actinobacteriota	Core_heterotrophy	pelagic_export	O2	0.99	M00307:0.75;W00008:0.67;W00010:1;W00011:0.62
S__GCA_008975185.1	d__Bacteria	p__Proteobacteria	Core_heterotrophy	pelagic_export	O2	0.99	M00307:1;W00008:0.33;W00010:0;W00011:0.38
S__GCA_002331465.1	d__Bacteria	p__Actinobacteriota	Core_heterotrophy	uncertain	O2	0.7	""
S__GCA_009392475.1	d__Bacteria	p__Chloroflexota	Dehalococcoidia	diagenetic_in_situ	CO2	0.85	""
S__3300027838_10	d__Bacteria	p__Verrucomicrobiota	Core_heterotrophy	pelagic_export	O2	0.99	M00307:1;W00008:0.33;W00010:0;W00011:0.5
S__GCA_004357035.1	d__Bacteria	p__Actinobacteriota	Core_heterotrophy	uncertain	O2	0.7	""
S__3300025232_4	d__Bacteria	p__Chloroflexota	Dehalococcoidia	diagenetic_in_situ	CO2	0.85	""
S__GCA_015659515.1	d__Bacteria	p__Proteobacteria	Nitrification_AOB	pelagic_export	O2	0.895	M00528:0.5
S__GCA_018673385.1	d__Bacteria	p__Bacteroidota	Particle_heterotroph	particle_associated	O2	0.85	""
S__MAG_1807DKMD3_metabat2_bin.36	d__Bacteria	p__Actinobacteriota	Core_heterotrophy	pelagic_export	O2	0.99	M00307:0.67;W00008:0.33;W00010:1;W00011:0.75
S__GCA_902515565.1	d__Bacteria	p__Bacteroidota	Particle_heterotroph	particle_associated	O2	0.85	""
S__GCA_018649285.1	d__Bacteria	p__Verrucomicrobiota	Core_heterotrophy	pelagic_export	O2	0.99	M00307:1;W00008:0.33;W00010:0;W00011:0.38
S__TARA_AOS_82_MAG_00110	d__Bacteria	p__Bacteroidota	Core_heterotrophy	pelagic_export	O2	0.99	M00307:1;W00008:0.33;W00010:0;W00011:0.75
S__GCA_905181825.1	d__Bacteria	p__Bacteroidota	Core_heterotrophy	pelagic_export	O2	0.99	M00307:1;W00008:0.33;W00010:0;W00011:0.62
S__GCA_002312935.1	d__Bacteria	p__Proteobacteria	Core_heterotrophy	pelagic_export	O2	0.99	M00307:1;W00008:0.33;W00010:1;W00011:0.5
S__GCA_003645435.1	d__Bacteria	p__Proteobacteria	Core_heterotrophy	pelagic_export	O2	0.99	M00307:1;W00008:0.33;W00010:1;W00011:0.25
S__3300024060_22	d__Bacteria	p__Gemmatimonadota	Core_heterotrophy	pelagic_export	O2	0.99	M00307:1;W00008:0.67;W00010:0;W00011:0.5
S__GCA_905478445.1	d__Bacteria	p__Bacteroidota	Core_heterotrophy	pelagic_export	O2	0.99	M00307:1;W00008:0.33;W00010:0;W00011:0.75
S__GCA_003230435.1	d__Bacteria	p__Actinobacteriota	Core_heterotrophy	pelagic_export	O2	0.99	M00307:1;W00008:0.33;W00010:0;W00011:0.38
S__GCA_012964085.1	d__Bacteria	p__Marinisomatota	Core_heterotrophy	pelagic_export	O2	0.99	M00307:1;W00008:0.33;W00010:0;W00011:0.38
S__GCA_009887135.1	d__Archaea	p__Thermoplasmatota	Pelagic_heterotroph_MGII	pelagic_export	O2	0.85	""
S__GCA_004356925.1	d__Bacteria	p__Actinobacteriota	Core_heterotrophy	uncertain	O2	0.7	""
S__GCA_004195715.1	d__Archaea	p__Thermoplasmatota	Pelagic_heterotroph_MGII	pelagic_export	O2	0.85	""
S__GCA_008638035.1	d__Bacteria	p__Proteobacteria	Pelagic_heterotroph	pelagic_export	O2	0.85	""
S__GCA_905182765.1	d__Bacteria	p__Bacteroidota	Core_heterotrophy	pelagic_export	O2	0.99	M00307:1;W00008:0.33;W00010:1;W00011:0.38
S__TARA_AOS_82_MAG_00091	d__Bacteria	p__Bacteroidota	Core_heterotrophy	pelagic_export	O2	0.99	M00307:1;W00008:0.33;W00010:1;W00011:0.75
S__GCF_013407165.1	d__Archaea	p__Thermoproteota	Nitrification_AOA	pelagic_export	O2	0.895	M00528:0.5
S__GCA_015658865.1	d__Bacteria	p__Chloroflexota	Dehalococcoidia	diagenetic_in_situ	CO2	0.85	""
S__IMGVR_UViG_GVMAG-S-ERX556043-36_000001	d__Viruses	p__Nucleocytoviricota	Virus_modulator	pelagic_export	""	0.9	""
S__GCA_002816585.1	d__Bacteria	p__Chloroflexota	Dehalococcoidia	diagenetic_in_situ	CO2	0.85	""
S__GCA_002295725.1	d__Bacteria	p__Gemmatimonadota	Core_heterotrophy	pelagic_export	O2	0.6	""
S__TARA_ARC_108_MAG_00022	d__Bacteria	p__Planctomycetota	Core_heterotrophy	pelagic_export	O2	0.99	M00307:1;W00008:0.33;W00010:1;W00011:0.38
S__GCA_002168195.1	d__Bacteria	p__Planctomycetota	Core_heterotrophy	pelagic_export	O2	0.99	M00307:1;W00008:0.33;W00010:0;W00011:0.38
S__TARA_ARC_108_MAG_00069	d__Bacteria	p__Proteobacteria	Core_heterotrophy	pelagic_export	O2	0.99	M00307:1;W00008:0.67;W00010:1;W00011:0.5
S__3300026087_6	d__Bacteria	p__Chloroflexota	Dehalococcoidia	diagenetic_in_situ	CO2	0.85	""
S__GCA_002693245.1	d__Bacteria	p__Proteobacteria	Sulfate_reduction_diagenetic	diagenetic_in_situ	SO4--	0.99	M00596:1
S__GCA_015659305.1	d__Bacteria	p__Chloroflexota	Dehalococcoidia	diagenetic_in_situ	CO2	0.85	""
S__GCA_018703065.1	d__Bacteria	p__Planctomycetota	Core_heterotrophy	pelagic_export	O2	0.99	M00307:1;W00008:0.33;W00010:1;W00011:0.25
S__IMGVR_UViG_GVMAG-M-3300025652-16_000001	d__Viruses	p__Nucleocytoviricota	Virus_modulator	pelagic_export	""	0.9	""
S__TARA_ARC_108_MAG_00026	d__Bacteria	p__Proteobacteria	Core_heterotrophy	pelagic_export	O2	0.99	M00307:1;W00008:0.33;W00010:1;W00011:0.62
S__3300026119_12	d__Bacteria	p__Proteobacteria	Core_heterotrophy	pelagic_export	O2	0.99	M00307:0.67;W00008:0.67;W00010:1;W00011:0.75
S__GCA_009886055.1	d__Bacteria	p__Desulfobacterota	Sulfate_reduction_diagenetic	diagenetic_in_situ	SO4--	0.85	""
S__3300026087_14	d__Bacteria	p__Marinisomatota	Core_heterotrophy	pelagic_export	O2	0.99	M00307:1;W00008:0.33;W00010:0;W00011:0.25
S__GCA_905182145.1	d__Bacteria	p__Proteobacteria	Pelagic_heterotroph	pelagic_export	O2	0.85	""
S__TARA_ARC_108_MAG_00043	d__Bacteria	p__Proteobacteria	Core_heterotrophy	pelagic_export	O2	0.99	M00307:1;W00008:0.33;W00010:1;W00011:0.5
S__3300024516_24	d__Bacteria	p__Nitrospinota	Nitrite_oxidation_NOB	pelagic_export	O2	0.85	""
S__GCA_004356735.1	d__Bacteria	p__Myxococcota_A	Core_heterotrophy	pelagic_export	O2	0.5875	""
S__3300026074_4	d__Bacteria	p__Chloroflexota	Dehalococcoidia	diagenetic_in_situ	CO2	0.85	""
S__GCA_905182695.1	d__Archaea	p__Thermoplasmatota	Pelagic_heterotroph_MGII	pelagic_export	O2	0.85	""
S__GCA_018661385.1	d__Bacteria	p__Actinobacteriota	Core_heterotrophy	pelagic_export	O2	0.99	M00307:1;W00008:0.33;W00010:1;W00011:0.88
S__GCF_000264055.1	d__Bacteria	p__Bacteroidota	Core_heterotrophy	pelagic_export	O2	0.99	M00307:1;W00008:0.33;W00010:0;W00011:0.62
S__GCA_013390745.1	d__Archaea	p__Thermoproteota	Nitrification_AOA	pelagic_export	O2	0.895	M00528:0.5
S__GCF_003201655.1	d__Bacteria	p__Actinobacteriota	Core_heterotrophy	pelagic_export	O2	0.99	M00307:1;W00008:0.33;W00010:1;W00011:0.75
S__3300027700_13	d__Bacteria	p__Actinobacteriota	Core_heterotrophy	pelagic_export	O2	0.99	M00307:0.67;W00008:0.33;W00010:1;W00011:0.88
S__3300024058_12	d__Bacteria	p__Proteobacteria	Core_heterotrophy	pelagic_export	O2	0.99	M00307:1;W00008:0.67;W00010:1;W00011:0.62
S__GCA_016777265.1	d__Bacteria	p__Cyanobacteria	Oxygenic_photosynthesis	pelagic_export	O2	0.85	""
S__GCA_004356405.1	d__Bacteria	p__Proteobacteria	Core_heterotrophy	pelagic_export	O2	0.99	M00307:1;W00008:0.33;W00010:0;W00011:0.12
S__GCF_003326015.1	d__Bacteria	p__Proteobacteria	Core_heterotrophy	pelagic_export	O2	0.99	M00307:1;W00008:0.33;W00010:0;W00011:0.38
S__GCA_905181685.1	d__Bacteria	p__Proteobacteria	Pelagic_heterotroph	pelagic_export	O2	0.85	""
S__3300005253_23	d__Bacteria	p__Actinobacteriota	Core_heterotrophy	pelagic_export	O2	0.99	M00307:1;W00008:0.33;W00010:0;W00011:0.12
S__3300027622_6	d__Bacteria	p__Gemmatimonadota	Core_heterotrophy	pelagic_export	O2	0.6	""
S__3300027788_48	d__Bacteria	p__Bacteroidota	Core_heterotrophy	pelagic_export	O2	0.99	M00307:1;W00008:0.33;W00010:1;W00011:0.5
S__TARA_ARC_108_MAG_00011	d__Bacteria	p__Bacteroidota	Particle_heterotroph	particle_associated	O2	0.85	""
S__TARA_ARC_108_MAG_00037	d__Bacteria	p__Proteobacteria	Core_heterotrophy	pelagic_export	O2	0.99	M00307:1;W00008:0.33;W00010:0;W00011:0.62
S__3300011992_7	d__Bacteria	p__Actinobacteriota	Core_heterotrophy	pelagic_export	O2	0.99	M00307:1;W00008:0.33;W00010:0;W00011:0.62
S__GCA_905479165.1	d__Bacteria	p__Bacteroidota	Particle_heterotroph	particle_associated	O2	0.85	""
S__GCA_002685655.1	d__Bacteria	p__Planctomycetota	Particle_heterotroph	particle_associated	O2	0.85	""
S__3300024060_20	d__Bacteria	p__Proteobacteria	Pelagic_heterotroph	pelagic_export	O2	0.85	""
S__GCA_018656365.1	d__Archaea	p__Thermoproteota	Nitrification_AOA	pelagic_export	O2	0.85	""
S__3300028197_10	d__Bacteria	p__Proteobacteria	Core_heterotrophy	pelagic_export	O2	0.99	M00307:1;W00008:0.33;W00010:1;W00011:0.75
S__GCA_004212795.1	d__Bacteria	p__Proteobacteria	Sulfate_reduction_diagenetic	diagenetic_in_situ	SO4--	0.99	M00596:1
S__GCF_000170755.1	d__Bacteria	p__Verrucomicrobiota	Core_heterotrophy	pelagic_export	O2	0.99	M00307:1;W00008:0.33;W00010:0;W00011:0.62
S__GCA_001940725.1	d__Archaea	p__Asgardarchaeota	Core_heterotrophy	pelagic_export	O2	0.99	M00307:1;W00008:0.33;W00010:0;W00011:0.62
S__GCA_018830725.1	d__Bacteria	p__Actinobacteriota	Core_heterotrophy	pelagic_export	O2	0.99	M00307:1;W00008:0.33;W00010:0;W00011:0.25
S__GCF_001682155.1	d__Bacteria	p__Proteobacteria	Core_heterotrophy	pelagic_export	O2	0.99	M00307:1;W00008:0.33;W00010:0;W00011:0.38
S__3300028418_7	d__Bacteria	p__Verrucomicrobiota	Particle_heterotroph	particle_associated	O2	0.85	""
S__GCA_905181655.1	d__Bacteria	p__Proteobacteria	Pelagic_heterotroph	pelagic_export	O2	0.85	""
S__GCA_905181985.1	d__Bacteria	p__Proteobacteria	Core_heterotrophy	pelagic_export	O2	0.99	M00307:0.75;W00008:0;W00010:1;W00011:0.62
S__GCF_014076925.1	d__Bacteria	p__Proteobacteria	Core_heterotrophy	pelagic_export	O2	0.99	M00307:1;W00008:0.33;W00010:0;W00011:0.38
S__GCA_905182125.1	d__Archaea	p__Thermoplasmatota	Pelagic_heterotroph_MGII	pelagic_export	O2	0.85	""
S__GCA_000981725.1	d__Bacteria	p__Proteobacteria	Core_heterotrophy	pelagic_export	O2	0.99	M00307:0.33;W00008:0;W00010:1;W00011:0.38
S__GCA_018646525.1	d__Bacteria	p__Bacteroidota	Core_heterotrophy	pelagic_export	O2	0.99	M00307:1;W00008:0.33;W00010:0;W00011:0.38
S__3300022885_8	d__Bacteria	p__Planctomycetota	Particle_heterotroph	particle_associated	O2	0.85	""
S__TARA_ARC_108_MAG_00082	d__Archaea	p__Thermoplasmatota	Pelagic_heterotroph_MGII	pelagic_export	O2	0.85	""
S__GCA_905478765.1	d__Bacteria	p__Bacteroidota	Particle_heterotroph	particle_associated	O2	0.85	""
S__3300027844_32	d__Bacteria	p__Chloroflexota	Dehalococcoidia	diagenetic_in_situ	CO2	0.85	""
S__GCA_004124475.1	d__Bacteria	p__Marinisomatota	Pelagic_heterotroph	pelagic_export	O2	0.85	""
S__GCA_018695965.1	d__Bacteria	p__Bacteroidota	Particle_heterotroph	particle_associated	O2	0.85	""
S__3300007722_38	d__Bacteria	p__Proteobacteria	Core_heterotrophy	pelagic_export	O2	0.99	M00307:1;W00008:0.33;W00010:0;W00011:0.88
S__GCA_016776815.1	d__Bacteria	p__Verrucomicrobiota	Core_heterotrophy	pelagic_export	O2	0.99	M00307:1;W00008:0.33;W00010:0;W00011:0.62
S__GCA_002401885.1	d__Bacteria	p__Proteobacteria	Core_heterotrophy	pelagic_export	O2	0.99	M00307:1;W00008:0.67;W00010:0;W00011:0.62
S__GCA_905620495.1	d__Bacteria	p__Proteobacteria	Pelagic_heterotroph	pelagic_export	O2	0.85	""
S__GCA_016777505.1	d__Bacteria	p__Proteobacteria	Pelagic_heterotroph	pelagic_export	O2	0.85	""
S__GCF_004570385.1	d__Bacteria	p__Actinobacteriota	Core_heterotrophy	pelagic_export	O2	0.99	M00307:1;W00008:0.33;W00010:1;W00011:0.75
S__3300027833_15	d__Bacteria	p__Bacteroidota	Core_heterotrophy	pelagic_export	O2	0.99	M00307:1;W00008:0.33;W00010:0;W00011:0.5
S__GCA_013215295.1	d__Bacteria	p__Proteobacteria	Core_heterotrophy	pelagic_export	O2	0.99	M00307:1;W00008:0.33;W00010:0;W00011:0.38
S__GCA_002713895.1	d__Bacteria	p__Poribacteria	Unknown	uncertain	Unknown	0.1	""
S__GCA_000402075.1	d__Archaea	p__Thermoproteota	Nitrification_AOA	pelagic_export	O2	0.895	M00528:0.5
S__GCA_018692355.1	d__Bacteria	p__Marinisomatota	Core_heterotrophy	pelagic_export	O2	0.99	M00307:1;W00008:0.33;W00010:0;W00011:0.5
S__GCA_014239555.1	d__Bacteria	p__Actinobacteriota	Core_heterotrophy	pelagic_export	O2	0.99	M00307:0.67;W00008:0.33;W00010:1;W00011:0.62
S__GCA_905479565.1	d__Archaea	p__Thermoproteota	Nitrification_AOA	pelagic_export	O2	0.895	M00528:0.5
S__GCA_013696905.1	d__Bacteria	p__Actinobacteriota	Core_heterotrophy	uncertain	O2	0.7	""
S__3300020285_8	d__Bacteria	p__Proteobacteria	Pelagic_heterotroph	pelagic_export	O2	0.85	""
S__GCF_014077465.1	d__Bacteria	p__Proteobacteria	Core_heterotrophy	pelagic_export	O2	0.99	M00307:1;W00008:0.33;W00010:0;W00011:0.38
S__GCA_018067145.1	d__Bacteria	p__Proteobacteria	Core_heterotrophy	pelagic_export	O2	0.99	M00307:1;W00008:0.67;W00010:1;W00011:0.75
S__GCA_004124295.1	d__Bacteria	p__Marinisomatota	Pelagic_heterotroph	pelagic_export	O2	0.85	""
S__GCA_018066995.1	d__Bacteria	p__Proteobacteria	Core_heterotrophy	pelagic_export	O2	0.99	M00307:1;W00008:0.67;W00010:0;W00011:0.5
S__3300027839_112	d__Bacteria	p__Proteobacteria	Pelagic_heterotroph	pelagic_export	O2	0.85	""
S__GCA_018669795.1	d__Bacteria	p__Bacteroidota	Core_heterotrophy	pelagic_export	O2	0.99	M00307:1;W00008:0.33;W00010:0;W00011:0.62
S__GCA_905612355.1	d__Bacteria	p__Proteobacteria	Core_heterotrophy	pelagic_export	O2	0.99	M00307:1;W00008:0.33;W00010:1;W00011:0.75
S__TARA_ANE_MAG_00022	d__Bacteria	p__Proteobacteria	Pelagic_heterotroph	pelagic_export	O2	0.85	""
S__GCA_905181905.1	d__Bacteria	p__Verrucomicrobiota	Particle_heterotroph	particle_associated	O2	0.85	""
S__GCA_018659405.1	d__Bacteria	p__Gemmatimonadota	Core_heterotrophy	pelagic_export	O2	0.99	M00307:1;W00008:0.67;W00010:0;W00011:0.5
S__3300021185_15	d__Bacteria	p__Verrucomicrobiota	Core_heterotrophy	pelagic_export	O2	0.99	M00307:1;W00008:0.33;W00010:0;W00011:0.62
S__TARA_MED_95_MAG_00112	d__Bacteria	p__Myxococcota_A	Core_heterotrophy	pelagic_export	O2	0.99	M00307:1;W00008:0.33;W00010:0;W00011:0.75
S__GCA_018667655.1	d__Bacteria	p__Proteobacteria	Sulfate_reduction_diagenetic	diagenetic_in_situ	SO4--	0.99	M00596:1
S__3300023271_4	d__Bacteria	p__Verrucomicrobiota	Particle_heterotroph	particle_associated	O2	0.85	""
S__TARA_ARC_108_MAG_00067	d__Bacteria	p__Verrucomicrobiota	Particle_heterotroph	particle_associated	O2	0.85	""
S__3300027844_55	d__Bacteria	p__Proteobacteria	Pelagic_heterotroph	pelagic_export	O2	0.85	""
S__GCA_013203245.1	d__Archaea	p__Thermoproteota	Core_heterotrophy	pelagic_export	O2	0.99	M00307:0;W00008:0.33;W00010:1;W00011:0.25
S__GCA_905181805.1	d__Bacteria	p__Proteobacteria	Core_heterotrophy	pelagic_export	O2	0.99	M00307:1;W00008:0.33;W00010:1;W00011:0.62
S__GCA_014381985.1	d__Bacteria	p__Proteobacteria	Core_heterotrophy	pelagic_export	O2	0.99	M00307:1;W00008:0.33;W00010:0;W00011:0.5
S__GCA_004356015.1	d__Bacteria	p__Acidobacteriota	Core_heterotrophy	pelagic_export	O2	0.99	M00307:1;W00008:0.33;W00010:1;W00011:0.5
S__GCA_002313235.1	d__Bacteria	p__Gemmatimonadota	Unknown	uncertain	Unknown	0.1	""
S__3300024431_33	d__Bacteria	p__Actinobacteriota	Core_heterotrophy	uncertain	O2	0.7	""
S__3300002239_5	d__Bacteria	p__Actinobacteriota	Core_heterotrophy	uncertain	O2	0.7	""
S__GCA_003228495.1	d__Bacteria	p__Nitrospirota	Nitrite_oxidation_NOB	pelagic_export	O2	0.85	""
S__GCA_002700285.1	d__Bacteria	p__Bacteroidota	Core_heterotrophy	pelagic_export	O2	0.99	M00307:1;W00008:0.33;W00010:0;W00011:0.62
S__3300001683_21	d__Bacteria	p__SAR324	Core_heterotrophy	pelagic_export	O2	0.99	M00307:1;W00008:0.33;W00010:1;W00011:0.5
S__3300024058_15	d__Bacteria	p__Desulfobacterota_D	Sulfate_reduction_diagenetic	diagenetic_in_situ	SO4--	0.85	""
S__3300000322_5	d__Archaea	p__Thermoplasmatota	Pelagic_heterotroph_MGII	pelagic_export	O2	0.85	""
S__3300026084_20	d__Archaea	p__Thermoplasmatota	Pelagic_heterotroph_MGII	pelagic_export	O2	0.85	""
S__3300027838_22	d__Bacteria	p__Proteobacteria	Core_heterotrophy	pelagic_export	O2	0.99	M00307:1;W00008:0.33;W00010:1;W00011:0.5
S__GCA_014240355.1	d__Bacteria	p__Verrucomicrobiota	Particle_heterotroph	particle_associated	O2	0.85	""
S__TARA_ARC_108_MAG_00044	d__Bacteria	p__Bacteroidota	Core_heterotrophy	pelagic_export	O2	0.99	M00307:1;W00008:0.33;W00010:0;W00011:0.62
S__GCA_018698455.1	d__Bacteria	p__Campylobacterota	Unknown	uncertain	Unknown	0.1	""
S__GCF_002836745.1	d__Bacteria	p__Proteobacteria	Core_heterotrophy	pelagic_export	O2	0.99	M00307:1;W00008:0.67;W00010:1;W00011:0.62
S__GCA_905182255.1	d__Bacteria	p__Bacteroidota	Particle_heterotroph	particle_associated	O2	0.85	""
S__3300027847_4	d__Bacteria	p__Planctomycetota	Core_heterotrophy	pelagic_export	O2	0.99	M00307:1;W00008:0.33;W00010:1;W00011:0.25
S__GCA_013139415.1	d__Bacteria	p__Desulfobacterota	Sulfate_reduction_diagenetic	diagenetic_in_situ	SO4--	0.99	M00596:1
S__GCA_902514095.1	d__Archaea	p__Thermoproteota	Nitrification_AOA	pelagic_export	O2	0.895	M00528:0.5
S__GCA_018666335.1	d__Bacteria	p__Proteobacteria	Pelagic_heterotroph	pelagic_export	O2	0.85	""
S__3300026108_4	d__Bacteria	p__Verrucomicrobiota	Core_heterotrophy	pelagic_export	O2	0.99	M00307:1;W00008:0.33;W00010:0;W00011:0.38
S__GCA_012959525.1	d__Bacteria	p__Planctomycetota	Core_heterotrophy	pelagic_export	O2	0.99	M00307:1;W00008:0.33;W00010:0;W00011:0.62
S__GCA_006222135.1	d__Bacteria	p__Proteobacteria	Core_heterotrophy	pelagic_export	O2	0.99	M00307:1;W00008:0.33;W00010:0;W00011:0.38
S__GCF_000153485.2	d__Bacteria	p__Bacteroidota	Core_heterotrophy	pelagic_export	O2	0.99	M00307:1;W00008:0.33;W00010:0;W00011:0.62
S__GCF_002836415.1	d__Bacteria	p__Proteobacteria	Denitrification	particle_associated	NO3-	0.99	M00530:1
S__GCA_012965955.1	d__Bacteria	p__Bacteroidota	Particle_heterotroph	particle_associated	O2	0.85	""
S__GCA_000981625.1	d__Bacteria	p__Bacteroidota	Core_heterotrophy	pelagic_export	O2	0.99	M00307:1;W00008:0.33;W00010:0;W00011:0.5
S__GCA_905182435.1	d__Bacteria	p__Verrucomicrobiota	Particle_heterotroph	particle_associated	O2	0.85	""
S__GCA_002697345.1	d__Bacteria	p__Proteobacteria	Core_heterotrophy	pelagic_export	O2	0.99	M00307:1;W00008:0.33;W00010:1;W00011:0.62
S__GCA_002710495.1	d__Bacteria	p__Bacteroidota	Particle_heterotroph	particle_associated	O2	0.85	""
S__GCA_905181885.1	d__Bacteria	p__Proteobacteria	Core_heterotrophy	pelagic_export	O2	0.99	M00307:1;W00008:0.33;W00010:1;W00011:0.38
S__GCA_002336655.1	d__Bacteria	p__Bacteroidota	Particle_heterotroph	particle_associated	O2	0.85	""
S__3300024431_27	d__Bacteria	p__Proteobacteria	Pelagic_heterotroph	pelagic_export	O2	0.85	""
S__GCA_002713705.1	d__Bacteria	p__Bacteroidota	Core_heterotrophy	pelagic_export	O2	0.99	M00307:1;W00008:0.33;W00010:0;W00011:0.5
S__GCF_000621125.1	d__Bacteria	p__Bacteroidota	Core_heterotrophy	pelagic_export	O2	0.99	M00307:1;W00008:0.33;W00010:0;W00011:0.75
S__GCA_017886375.1	d__Bacteria	p__Proteobacteria	Core_heterotrophy	pelagic_export	O2	0.99	M00307:1;W00008:0.33;W00010:1;W00011:0.62
S__GCF_014076785.1	d__Bacteria	p__Proteobacteria	Core_heterotrophy	pelagic_export	O2	0.99	M00307:1;W00008:0.33;W00010:0;W00011:0.38
S__GCA_905480095.1	d__Bacteria	p__Bacteroidota	Core_heterotrophy	pelagic_export	O2	0.99	M00307:1;W00008:0.33;W00010:0;W00011:0.5
S__3300026264_34	d__Archaea	p__Thermoproteota	Nitrification_AOA	pelagic_export	O2	0.895	M00528:0.5
S__GCA_905182365.1	d__Bacteria	p__Bacteroidota	Particle_heterotroph	particle_associated	O2	0.85	""
S__GCF_000155735.2	d__Bacteria	p__Proteobacteria	Core_heterotrophy	pelagic_export	O2	0.99	M00307:1;W00008:0.33;W00010:1;W00011:0.62
S__TARA_ARC_108_MAG_00198	d__Bacteria	p__Proteobacteria	Core_heterotrophy	pelagic_export	O2	0.99	M00307:1;W00008:0.33;W00010:0;W00011:0.5
S__GCA_002695315.1	d__Bacteria	p__Chloroflexota	Dehalococcoidia	diagenetic_in_situ	CO2	0.85	""
S__GCA_003231795.1	d__Bacteria	p__Proteobacteria	Sulfate_reduction_diagenetic	diagenetic_in_situ	SO4--	0.99	M00596:1
S__3300012045_6	d__Bacteria	p__Actinobacteriota	Core_heterotrophy	uncertain	O2	0.7	""
S__GCA_004356305.1	d__Bacteria	p__Bacteroidota	Particle_heterotroph	particle_associated	O2	0.85	""
S__GCA_014384685.1	d__Archaea	p__Thermoplasmatota	Pelagic_heterotroph_MGII	pelagic_export	O2	0.85	""
S__GCF_002943715.1	d__Bacteria	p__Bacteroidota	Core_heterotrophy	pelagic_export	O2	0.99	M00307:1;W00008:0.33;W00010:0;W00011:0.75
S__GCA_905181865.1	d__Bacteria	p__Bacteroidota	Core_heterotrophy	pelagic_export	O2	0.99	M00307:1;W00008:0.33;W00010:0;W00011:0.75
S__TARA_ARC_108_MAG_00005	d__Bacteria	p__Actinobacteriota	Core_heterotrophy	pelagic_export	O2	0.99	M00307:1;W00008:0.33;W00010:0;W00011:0.88
S__GCF_002835935.1	d__Bacteria	p__Proteobacteria	Core_heterotrophy	pelagic_export	O2	0.99	M00307:1;W00008:0.33;W00010:1;W00011:0.5
S__TARA_ANE_MAG_00034	d__Bacteria	p__Proteobacteria	Pelagic_heterotroph	pelagic_export	O2	0.85	""
S__GCA_016190405.1	d__Bacteria	p__Chloroflexota	Dehalococcoidia	diagenetic_in_situ	CO2	0.85	""
S__GCA_012960755.1	d__Bacteria	p__Proteobacteria	Nitrification_AOB	pelagic_export	O2	0.895	M00528:0.5
S__3300027976_22	d__Bacteria	p__Verrucomicrobiota	Core_heterotrophy	pelagic_export	O2	0.99	M00307:0.33;W00008:0.33;W00010:1;W00011:0.75
S__GCA_905618905.1	d__Bacteria	p__Proteobacteria	Pelagic_heterotroph	pelagic_export	O2	0.85	""
S__TARA_ARC_NCLDV_00036	d__Viruses	p__Nucleocytoviricota	Virus_modulator	pelagic_export	""	0.9	""
S__3300024516_32	d__Bacteria	p__Proteobacteria	Core_heterotrophy	pelagic_export	O2	0.99	M00307:1;W00008:0.33;W00010:0;W00011:0.25
S__GCA_905478065.1	d__Bacteria	p__Marinisomatota	Core_heterotrophy	pelagic_export	O2	0.99	M00307:0;W00008:0.33;W00010:1;W00011:0.62
S__3300027801_13	d__Bacteria	p__Verrucomicrobiota	Core_heterotrophy	pelagic_export	O2	0.99	M00307:1;W00008:0.33;W00010:0;W00011:0.62
S__GCA_013138675.1	d__Bacteria	p__Proteobacteria	Core_heterotrophy	pelagic_export	O2	0.99	M00307:1;W00008:0.33;W00010:1;W00011:0.38
S__GCA_905182555.1	d__Bacteria	p__Actinobacteriota	Core_heterotrophy	uncertain	O2	0.7	""
S__GCA_003973385.1	d__Bacteria	p__Planctomycetota	Particle_heterotroph	particle_associated	O2	0.85	""
S__IMGVR_UViG_GVMAG-S-1102107-84_000001	d__Viruses	p__Nucleocytoviricota	Virus_modulator	pelagic_export	""	0.9	""
S__GCA_011049595.1	d__Bacteria	p__Spirochaetota	Core_heterotrophy	pelagic_export	O2	0.99	M00307:1;W00008:0.33;W00010:0;W00011:0.38
S__3300027839_4	d__Bacteria	p__Planctomycetota	Core_heterotrophy	pelagic_export	O2	0.99	M00307:1;W00008:0.33;W00010:1;W00011:0.38
S__3300027700_7	d__Bacteria	p__Proteobacteria	Core_heterotrophy	pelagic_export	O2	0.99	M00307:1;W00008:0.67;W00010:0;W00011:0.5
S__3300021089_16	d__Bacteria	p__Planctomycetota	Particle_heterotroph	particle_associated	O2	0.85	""
S__GCA_905182935.1	d__Bacteria	p__Nitrospinota	Nitrite_oxidation_NOB	pelagic_export	O2	0.85	""
S__GCA_000213335.2	d__Bacteria	p__SAR324	Pelagic_heterotroph	pelagic_export	O2	0.85	""
S__TARA_MED_95_MAG_00207	d__Bacteria	p__Bacteroidota	Core_heterotrophy	pelagic_export	O2	0.99	M00307:1;W00008:0.33;W00010:0;W00011:0.38
S__3300007519_57	d__Bacteria	p__Proteobacteria	Core_heterotrophy	pelagic_export	O2	0.99	M00307:1;W00008:0.67;W00010:1;W00011:0.62
S__GCA_003672175.1	d__Archaea	p__Thermoplasmatota	Pelagic_heterotroph_MGII	pelagic_export	O2	0.85	""
S__GCA_002457605.1	d__Archaea	p__Thermoplasmatota	Pelagic_heterotroph_MGII	pelagic_export	O2	0.85	""
S__GCF_014077095.1	d__Bacteria	p__Proteobacteria	Core_heterotrophy	pelagic_export	O2	0.99	M00307:1;W00008:0.33;W00010:0;W00011:0.38
S__TARA_SOC_NCLDV_00026	d__Viruses	p__Nucleocytoviricota	Virus_modulator	pelagic_export	""	0.9	""
S__GCA_014240155.1	d__Bacteria	p__Actinobacteriota	Core_heterotrophy	pelagic_export	O2	0.99	M00307:0.33;W00008:0.33;W00010:1;W00011:0.88
S__GCA_002390675.1	d__Bacteria	p__Myxococcota_A	Core_heterotrophy	pelagic_export	O2	0.99	M00307:1;W00008:0.33;W00010:0;W00011:0.75
S__3300027755_29	d__Bacteria	p__Nitrospinota	Core_heterotrophy	pelagic_export	O2	0.99	M00307:1;W00008:0.33;W00010:0;W00011:0.25
S__GCA_004356775.1	d__Bacteria	p__Proteobacteria	Core_heterotrophy	pelagic_export	O2	0.99	M00307:1;W00008:0.33;W00010:0;W00011:0.38
S__GCA_003978465.1	d__Bacteria	p__Campylobacterota	Core_heterotrophy	pelagic_export	O2	0.99	M00307:0.25;W00008:0;W00010:1;W00011:0.38
S__GCA_002733395.1	d__Bacteria	p__Proteobacteria	Core_heterotrophy	pelagic_export	O2	0.99	M00307:1;W00008:0.67;W00010:1;W00011:0.75
S__TARA_ARC_108_MAG_00017	d__Bacteria	p__Proteobacteria	Core_heterotrophy	pelagic_export	O2	0.99	M00307:1;W00008:0.33;W00010:0;W00011:0.62
S__3300027779_26	d__Archaea	p__Thermoplasmatota	Pelagic_heterotroph_MGII	pelagic_export	O2	0.85	""
S__3300027685_11	d__Bacteria	p__Myxococcota_A	Core_heterotrophy	pelagic_export	O2	0.99	M00307:1;W00008:0.33;W00010:0;W00011:0.62
S__GCA_002335055.1	d__Bacteria	p__Campylobacterota	Unknown	uncertain	Unknown	0.1	""
S__GCA_013215515.1	d__Bacteria	p__Bacteroidota	Core_heterotrophy	pelagic_export	O2	0.99	M00307:1;W00008:0.33;W00010:0;W00011:0.5
S__3300020263_12	d__Bacteria	p__Proteobacteria	Pelagic_heterotroph	pelagic_export	O2	0.85	""
S__GCF_002163835.1	d__Bacteria	p__Bacteroidota	Core_heterotrophy	pelagic_export	O2	0.99	M00307:1;W00008:0.33;W00010:0;W00011:0.75
S__GCA_018701395.1	d__Bacteria	p__Planctomycetota	Core_heterotrophy	pelagic_export	O2	0.99	M00307:1;W00008:0.33;W00010:0;W00011:0.38
S__TARA_SOC_28_MAG_00030	d__Bacteria	p__Proteobacteria	Core_heterotrophy	pelagic_export	O2	0.99	M00307:0.67;W00008:0.33;W00010:1;W00011:0.75
S__GCA_905616395.1	d__Bacteria	p__Proteobacteria	Core_heterotrophy	pelagic_export	O2	0.99	M00307:0.33;W00008:0.33;W00010:1;W00011:0.12
S__GCA_012974435.1	d__Bacteria	p__Desulfobacterota	Sulfate_reduction_diagenetic	diagenetic_in_situ	SO4--	0.85	""
S__GCA_905182195.1	d__Bacteria	p__Proteobacteria	Core_heterotrophy	pelagic_export	O2	0.99	M00307:1;W00008:0.33;W00010:1;W00011:0.62
S__GCA_013349585.1	d__Bacteria	p__Nitrospinota	Nitrite_oxidation_NOB	pelagic_export	O2	0.85	""
S__Phycodnaviridae_HM004430_Bathycoccus_sp_RCC1105_virus_BpV2	d__Viruses	p__Nucleocytoviricota	Virus_modulator	pelagic_export	""	0.9	""
S__GCA_905182065.1	d__Bacteria	p__Bacteroidota	Particle_heterotroph	particle_associated	O2	0.85	""
S__GCF_002831625.1	d__Bacteria	p__Bacteroidota	Core_heterotrophy	pelagic_export	O2	0.99	M00307:1;W00008:0.33;W00010:0;W00011:0.75
S__GCA_015659285.1	d__Bacteria	p__Proteobacteria	Core_heterotrophy	pelagic_export	O2	0.99	M00307:1;W00008:0.67;W00010:1;W00011:0.75
S__TARA_ARC_108_MAG_00153	d__Bacteria	p__Proteobacteria	Pelagic_heterotroph	pelagic_export	O2	0.85	""
S__TARA_ARC_108_MAG_00010	d__Bacteria	p__Bacteroidota	Core_heterotrophy	pelagic_export	O2	0.99	M00307:1;W00008:0.33;W00010:0;W00011:0.62
S__3300027839_55	d__Bacteria	p__Chloroflexota	Dehalococcoidia	diagenetic_in_situ	CO2	0.85	""
S__3300025699_19	d__Bacteria	p__Bacteroidota	Particle_heterotroph	particle_associated	O2	0.85	""
S__GCA_015664645.1	d__Bacteria	p__Proteobacteria	Sulfate_reduction_diagenetic	diagenetic_in_situ	SO4--	0.99	M00596:1
S__GCA_002708395.1	d__Bacteria	p__Chloroflexota	Dehalococcoidia	diagenetic_in_situ	CO2	0.85	""
S__GCA_002684605.1	d__Bacteria	p__Proteobacteria	Core_heterotrophy	pelagic_export	O2	0.99	M00307:0.75;W00008:0.67;W00010:1;W00011:0.62
S__3300027839_57	d__Bacteria	p__Chloroflexota	Dehalococcoidia	diagenetic_in_situ	CO2	0.85	""
S__GCA_013390785.1	d__Archaea	p__Thermoproteota	Nitrification_AOA	pelagic_export	O2	0.895	M00528:0.5
S__TARA_ARC_108_MAG_00019	d__Bacteria	p__Bacteroidota	Core_heterotrophy	pelagic_export	O2	0.99	M00307:1;W00008:0.33;W00010:0;W00011:0.5
S__TARA_PSW_86_MAG_00162	d__Bacteria	p__Planctomycetota	Core_heterotrophy	pelagic_export	O2	0.99	M00307:1;W00008:0.33;W00010:1;W00011:0.5
S__3300027839_32	d__Bacteria	p__SAR324	Core_heterotrophy	pelagic_export	O2	0.99	M00307:1;W00008:0.33;W00010:1;W00011:0.62
S__TARA_PSE_93_MAG_00191	d__Bacteria	p__Planctomycetota	Core_heterotrophy	pelagic_export	O2	0.99	M00307:1;W00008:0.33;W00010:0;W00011:0.25
S__3300028418_8	d__Bacteria	p__Bacteroidota	Particle_heterotroph	particle_associated	O2	0.85	""
S__GCA_905612515.1	d__Bacteria	p__Verrucomicrobiota	Core_heterotrophy	pelagic_export	O2	0.99	M00307:1;W00008:0.33;W00010:0;W00011:0.12
S__GCA_014240255.1	d__Archaea	p__Thermoplasmatota	Pelagic_heterotroph_MGII	pelagic_export	O2	0.85	""
S__TARA_ARC_108_MAG_00159	d__Bacteria	p__Actinobacteriota	Core_heterotrophy	pelagic_export	O2	0.99	M00307:0.33;W00008:0.33;W00010:1;W00011:0.62
S__3300027687_7	d__Bacteria	p__Proteobacteria	Core_heterotrophy	pelagic_export	O2	0.99	M00307:1;W00008:0.33;W00010:1;W00011:0.88
S__GCA_002699665.1	d__Archaea	p__Thermoplasmatota	Pelagic_heterotroph_MGII	pelagic_export	O2	0.85	""
S__GCA_003645215.1	d__Bacteria	p__Proteobacteria	Core_heterotrophy	pelagic_export	O2	0.99	M00307:1;W00008:0.67;W00010:0;W00011:0.38
S__GCA_009937445.1	d__Bacteria	p__Proteobacteria	Core_heterotrophy	pelagic_export	O2	0.99	M00307:1;W00008:0.33;W00010:0;W00011:0.5
S__GCA_012965445.1	d__Bacteria	p__Hydrogenedentota	Core_heterotrophy	pelagic_export	O2	0.6	""
S__3300020389_13	d__Bacteria	p__Planctomycetota	Core_heterotrophy	pelagic_export	O2	0.99	M00307:1;W00008:0.33;W00010:0;W00011:0.12
S__GCA_902608305.1	d__Bacteria	p__Proteobacteria	Pelagic_heterotroph	pelagic_export	O2	0.85	""
S__3300027685_16	d__Bacteria	p__Chloroflexota	Dehalococcoidia	diagenetic_in_situ	CO2	0.85	""
S__3300027844_60	d__Archaea	p__Thermoplasmatota	Pelagic_heterotroph_MGII	pelagic_export	O2	0.85	""
S__GCA_004195515.1	d__Archaea	p__Thermoplasmatota	Pelagic_heterotroph_MGII	pelagic_export	O2	0.85	""
S__GCF_007997295.1	d__Bacteria	p__Bacteroidota	Core_heterotrophy	pelagic_export	O2	0.99	M00307:1;W00008:0.33;W00010:0;W00011:0.62
S__GCA_009392675.1	d__Bacteria	p__Chloroflexota	Dehalococcoidia	diagenetic_in_situ	CO2	0.85	""
S__GCA_001542995.1	d__Bacteria	p__Nitrospinota	Nitrite_oxidation_NOB	pelagic_export	O2	0.85	""
S__GCA_016777225.1	d__Archaea	p__Thermoplasmatota	Pelagic_heterotroph_MGII	pelagic_export	O2	0.85	""
S__GCA_004402895.1	d__Bacteria	p__Marinisomatota	Pelagic_heterotroph	pelagic_export	O2	0.85	""
S__3300025499_1	d__Bacteria	p__Actinobacteriota	Core_heterotrophy	pelagic_export	O2	0.99	M00307:1;W00008:0.33;W00010:1;W00011:0.75
S__GCA_012960505.1	d__Bacteria	p__Verrucomicrobiota	Core_heterotrophy	pelagic_export	O2	0.99	M00307:1;W00008:0.33;W00010:1;W00011:0.38
S__3300027839_47	d__Bacteria	p__Chloroflexota	Dehalococcoidia	diagenetic_in_situ	CO2	0.85	""
S__GCA_002708495.1	d__Bacteria	p__Chloroflexota	Dehalococcoidia	diagenetic_in_situ	CO2	0.85	""
S__GCA_018608505.1	d__Bacteria	p__Bacteroidota	Core_heterotrophy	pelagic_export	O2	0.99	M00307:1;W00008:0.33;W00010:0;W00011:0.62
S__GCA_905182735.1	d__Bacteria	p__Bacteroidota	Core_heterotrophy	pelagic_export	O2	0.99	M00307:1;W00008:0.33;W00010:0;W00011:0.5
S__GCA_009937255.1	d__Bacteria	p__Chloroflexota	Dehalococcoidia	diagenetic_in_situ	CO2	0.85	""
S__GCA_004357365.1	d__Bacteria	p__Nitrospinota	Nitrite_oxidation_NOB	pelagic_export	O2	0.85	""
S__GCA_017854775.1	d__Bacteria	p__Proteobacteria	Core_heterotrophy	pelagic_export	O2	0.99	M00307:1;W00008:0.33;W00010:0;W00011:0.62
S__GCA_905478615.1	d__Bacteria	p__Bacteroidota	Core_heterotrophy	pelagic_export	O2	0.99	M00307:1;W00008:0.33;W00010:0;W00011:0.75
S__GCA_015658585.1	d__Archaea	p__Thermoplasmatota	Pelagic_heterotroph_MGII	pelagic_export	O2	0.85	""
S__GCA_905182055.1	d__Bacteria	p__Proteobacteria	Core_heterotrophy	pelagic_export	O2	0.99	M00307:1;W00008:0.33;W00010:1;W00011:0.5
S__3300001683_31	d__Bacteria	p__Verrucomicrobiota	Core_heterotrophy	pelagic_export	O2	0.99	M00307:1;W00008:0.33;W00010:0;W00011:0.38
S__TARA_ARC_108_MAG_00032	d__Bacteria	p__Verrucomicrobiota	Particle_heterotroph	particle_associated	O2	0.85	""
S__TARA_ARC_NCLDV_00033	d__Viruses	p__Nucleocytoviricota	Virus_modulator	pelagic_export	""	0.9	""
S__3300027779_9	d__Bacteria	p__Actinobacteriota	Core_heterotrophy	uncertain	O2	0.7	""
S__3300027788_44	d__Bacteria	p__Verrucomicrobiota	Core_heterotrophy	pelagic_export	O2	0.99	M00307:0.5;W00008:0;W00010:1;W00011:0.38
S__3300025690_38	d__Archaea	p__Thermoproteota	Nitrification_AOA	pelagic_export	O2	0.895	M00528:0.5
S__GCA_905182285.1	d__Bacteria	p__Proteobacteria	Core_heterotrophy	pelagic_export	O2	0.99	M00307:1;W00008:0.33;W00010:1;W00011:0.75
S__GCA_905182855.1	d__Bacteria	p__Proteobacteria	Pelagic_heterotroph	pelagic_export	O2	0.85	""
S__3300027668_18	d__Bacteria	p__Proteobacteria	Pelagic_heterotroph	pelagic_export	O2	0.85	""
S__3300027883_17	d__Bacteria	p__Proteobacteria	Core_heterotrophy	pelagic_export	O2	0.99	M00307:1;W00008:0.33;W00010:1;W00011:0.5
S__GCA_905182565.1	d__Bacteria	p__Actinobacteriota	Core_heterotrophy	uncertain	O2	0.7	""
S__GCA_905182645.1	d__Bacteria	p__Proteobacteria	Core_heterotrophy	pelagic_export	O2	0.99	M00307:1;W00008:0.33;W00010:1;W00011:0.75
S__GCA_000383355.1	d__Bacteria	p__Bacteroidota	Core_heterotrophy	pelagic_export	O2	0.99	M00307:1;W00008:0.33;W00010:0;W00011:0.75
S__GCA_002162925.1	d__Bacteria	p__Proteobacteria	Denitrification	particle_associated	NO3-	0.99	M00530:1
S__GCA_905612485.1	d__Archaea	p__Thermoproteota	Nitrification_AOA	pelagic_export	O2	0.85	""
S__GCF_014279555.1	d__Bacteria	p__Cyanobacteria	Oxygenic_photosynthesis	pelagic_export	O2	0.99	M00161:1;M00163:1
S__3300027788_10	d__Bacteria	p__Verrucomicrobiota	Particle_heterotroph	particle_associated	O2	0.85	""
S__GCA_905181705.1	d__Bacteria	p__Bacteroidota	Core_heterotrophy	pelagic_export	O2	0.99	M00307:1;W00008:0.33;W00010:1;W00011:0.5
S__GCA_905181745.1	d__Bacteria	p__Actinobacteriota	Core_heterotrophy	pelagic_export	O2	0.99	M00307:1;W00008:0.33;W00010:0;W00011:0.62
S__GCA_004356455.1	d__Bacteria	p__Myxococcota_A	Core_heterotrophy	pelagic_export	O2	0.625	""
S__3300025897_34	d__Bacteria	p__Proteobacteria	Pelagic_heterotroph	pelagic_export	O2	0.85	""
S__3300024431_39	d__Bacteria	p__Proteobacteria	Core_heterotrophy	pelagic_export	O2	0.99	M00307:0.33;W00008:0.67;W00010:1;W00011:0.38
S__GCA_905182305.1	d__Bacteria	p__Bacteroidota	Core_heterotrophy	pelagic_export	O2	0.99	M00307:1;W00008:0.33;W00010:0;W00011:0.5
S__GCA_018650065.1	d__Bacteria	p__Nitrospinota	Core_heterotrophy	pelagic_export	O2	0.99	M00307:1;W00008:0.33;W00010:0;W00011:0.38
S__GCA_905182835.1	d__Bacteria	p__Bacteroidota	Core_heterotrophy	pelagic_export	O2	0.99	M00307:0.5;W00008:0;W00010:1;W00011:0.75
S__GCA_905182375.1	d__Bacteria	p__Bacteroidota	Particle_heterotroph	particle_associated	O2	0.85	""
S__3300027506_11	d__Bacteria	p__Bacteroidota	Core_heterotrophy	pelagic_export	O2	0.99	M00307:1;W00008:0.33;W00010:0;W00011:0.62
S__GCA_003233615.1	d__Bacteria	p__Nitrospirota	Nitrite_oxidation_NOB	pelagic_export	O2	0.85	""
S__GCA_012961165.1	d__Bacteria	p__Proteobacteria	Nitrification_AOB	pelagic_export	O2	0.895	M00528:0.5
S__TARA_ARC_108_MAG_00033	d__Bacteria	p__Myxococcota_A	Core_heterotrophy	pelagic_export	O2	0.99	M00307:1;W00008:0.33;W00010:0;W00011:0.62
S__3300027685_58	d__Archaea	p__Thermoproteota	Nitrification_AOA	pelagic_export	O2	0.85	""
S__3300025892_34	d__Bacteria	p__Bacteroidota	Core_heterotrophy	pelagic_export	O2	0.99	M00307:1;W00008:0.33;W00010:0;W00011:0.62
S__GCA_009886595.1	d__Bacteria	p__Bacteroidota	Core_heterotrophy	pelagic_export	O2	0.99	M00307:1;W00008:0.33;W00010:0;W00011:0.62
S__GCA_014239895.1	d__Bacteria	p__Bacteroidota	Particle_heterotroph	particle_associated	O2	0.85	""
S__GCA_004356105.1	d__Bacteria	p__Acidobacteriota	Core_heterotrophy	pelagic_export	O2	0.99	M00307:0.67;W00008:1;W00010:0;W00011:0.75
S__GCA_014384145.1	d__Archaea	p__Thermoproteota	Nitrification_AOA	pelagic_export	O2	0.85	""
S__GCA_014238125.1	d__Bacteria	p__Planctomycetota	Core_heterotrophy	pelagic_export	O2	0.99	M00307:1;W00008:0.33;W00010:0;W00011:0.38
S__GCA_012965105.1	d__Archaea	p__Thermoplasmatota	Pelagic_heterotroph_MGII	pelagic_export	O2	0.85	""
S__3300022827_4	d__Bacteria	p__Bacteroidota	Core_heterotrophy	pelagic_export	O2	0.99	M00307:1;W00008:0.33;W00010:0;W00011:0.75
S__TARA_ARC_108_MAG_00073	d__Bacteria	p__Bacteroidota	Core_heterotrophy	pelagic_export	O2	0.99	M00307:1;W00008:0.33;W00010:0;W00011:0.38
S__GCF_003719305.1	d__Bacteria	p__Actinobacteriota	Core_heterotrophy	pelagic_export	O2	0.99	M00307:1;W00008:0.33;W00010:1;W00011:0.75
S__GCA_015659595.1	d__Bacteria	p__Myxococcota_A	Core_heterotrophy	pelagic_export	O2	0.99	M00307:1;W00008:0.33;W00010:0;W00011:0.62
S__GCF_007997375.1	d__Bacteria	p__Bacteroidota	Core_heterotrophy	pelagic_export	O2	0.99	M00307:1;W00008:0.33;W00010:0;W00011:0.75
S__3300020243_4	d__Bacteria	p__Actinobacteriota	Core_heterotrophy	pelagic_export	O2	0.99	M00307:0.33;W00008:0.33;W00010:1;W00011:0.88
S__GCA_012959435.1	d__Archaea	p__Thermoplasmatota	Core_heterotrophy	pelagic_export	O2	0.99	M00307:1;W00008:0.33;W00010:0;W00011:0.5
S__3300000144_1	d__Bacteria	p__Bacteroidota	Particle_heterotroph	particle_associated	O2	0.85	""
S__3300027839_20	d__Bacteria	p__Proteobacteria	Core_heterotrophy	pelagic_export	O2	0.99	M00307:1;W00008:0.33;W00010:1;W00011:0.75
S__GCA_002505495.1	d__Archaea	p__Thermoplasmatota	Pelagic_heterotroph_MGII	pelagic_export	O2	0.85	""
S__GCA_015658215.1	d__Bacteria	p__Chloroflexota	Dehalococcoidia	diagenetic_in_situ	CO2	0.85	""
S__3300027844_24	d__Bacteria	p__Proteobacteria	Core_heterotrophy	pelagic_export	O2	0.99	M00307:1;W00008:0.67;W00010:0;W00011:0.5
S__GCA_009936995.1	d__Bacteria	p__Myxococcota_A	Core_heterotrophy	pelagic_export	O2	0.625	""
S__GCA_012959805.1	d__Bacteria	p__Myxococcota_A	Core_heterotrophy	pelagic_export	O2	0.625	""
S__GCA_905182785.1	d__Bacteria	p__Bacteroidota	Core_heterotrophy	pelagic_export	O2	0.99	M00307:1;W00008:0.33;W00010:0;W00011:0.5
S__GCA_002708345.1	d__Bacteria	p__Planctomycetota	Core_heterotrophy	pelagic_export	O2	0.99	M00307:0;W00008:0.33;W00010:1;W00011:0
S__GCA_004124375.1	d__Bacteria	p__Marinisomatota	Core_heterotrophy	pelagic_export	O2	0.99	M00307:1;W00008:0.33;W00010:0;W00011:0.5
S__GCF_003047265.1	d__Bacteria	p__Actinobacteriota	Denitrification	particle_associated	NO3-	0.99	M00530:1
S__TARA_ARC_108_MAG_00172	d__Bacteria	p__Proteobacteria	Core_heterotrophy	pelagic_export	O2	0.99	M00307:0.75;W00008:0;W00010:1;W00011:0.5
S__GCA_013214205.1	d__Bacteria	p__Bacteroidota	Core_heterotrophy	pelagic_export	O2	0.99	M00307:1;W00008:0.33;W00010:0;W00011:0.38
S__3300025798_6	d__Bacteria	p__Actinobacteriota	Core_heterotrophy	uncertain	O2	0.7	""
S__GCA_012960355.1	d__Bacteria	p__Proteobacteria	Core_heterotrophy	pelagic_export	O2	0.99	M00307:1;W00008:0.67;W00010:0;W00011:0.5
S__3300027779_27	d__Archaea	p__Thermoplasmatota	Pelagic_heterotroph_MGII	pelagic_export	O2	0.85	""
S__GCA_905182615.1	d__Bacteria	p__Proteobacteria	Core_heterotrophy	pelagic_export	O2	0.99	M00307:1;W00008:0.33;W00010:1;W00011:0.5
S__GCA_002701645.1	d__Bacteria	p__Marinisomatota	Pelagic_heterotroph	pelagic_export	O2	0.85	""
S__3300025623_36	d__Bacteria	p__Marinisomatota	Pelagic_heterotroph	pelagic_export	O2	0.85	""
S__TARA_ARC_108_MAG_00170	d__Bacteria	p__Proteobacteria	Core_heterotrophy	pelagic_export	O2	0.99	M00307:1;W00008:0.67;W00010:0;W00011:0.38
S__GCA_905618915.1	d__Bacteria	p__Proteobacteria	Core_heterotrophy	pelagic_export	O2	0.99	M00307:0.33;W00008:0;W00010:1;W00011:0.5
S__GCA_905182175.1	d__Bacteria	p__Bacteroidota	Core_heterotrophy	pelagic_export	O2	0.99	M00307:1;W00008:0.33;W00010:1;W00011:0.62
S__GCA_001796995.1	d__Bacteria	p__Chloroflexota	Dehalococcoidia	diagenetic_in_situ	CO2	0.85	""
S__3300000115_9	d__Bacteria	p__Proteobacteria	Core_heterotrophy	pelagic_export	O2	0.99	M00307:1;W00008:0.33;W00010:1;W00011:0.5
S__TARA_PSE_93_MAG_00185	d__Bacteria	p__Verrucomicrobiota	Core_heterotrophy	pelagic_export	O2	0.99	M00307:0.5;W00008:0;W00010:1;W00011:0.5
S__GCA_002733945.2	d__Bacteria	p__Campylobacterota	Unknown	uncertain	Unknown	0.1	""
S__TARA_AON_NCLDV_00003	d__Viruses	p__Nucleocytoviricota	Virus_modulator	pelagic_export	""	0.9	""
S__GCA_011088205.1	d__Archaea	p__Thermoproteota	Nitrification_AOA	pelagic_export	O2	0.85	""
S__3300027845_19	d__Bacteria	p__Proteobacteria	Nitrification_AOB	pelagic_export	O2	0.895	M00528:0.5
S__TARA_ARC_108_MAG_00057	d__Bacteria	p__Actinobacteriota	Core_heterotrophy	pelagic_export	O2	0.99	M00307:0.67;W00008:0.33;W00010:1;W00011:0.75
S__GCA_014240055.1	d__Archaea	p__Thermoplasmatota	Pelagic_heterotroph_MGII	pelagic_export	O2	0.85	""
S__GCA_905181645.1	d__Bacteria	p__Proteobacteria	Pelagic_heterotroph	pelagic_export	O2	0.85	""
S__GCA_905181675.1	d__Bacteria	p__Bacteroidota	Particle_heterotroph	particle_associated	O2	0.85	""
S__IMGVR_UViG_GVMAG-S-ERX556030-34_000001	d__Viruses	p__Nucleocytoviricota	Virus_modulator	pelagic_export	""	0.9	""
S__GCA_003978765.1	d__Bacteria	p__Campylobacterota	Unknown	uncertain	Unknown	0.1	""
S__GCA_016777005.1	d__Bacteria	p__Proteobacteria	Pelagic_heterotroph	pelagic_export	O2	0.85	""
S__GCF_000169375.1	d__Bacteria	p__Proteobacteria	Nitrite_oxidation_NOB	pelagic_export	O2	0.99	M00529:1;M00804:0.33
S__GCF_000012345.1	d__Bacteria	p__Proteobacteria	Pelagic_heterotroph	pelagic_export	O2	0.85	""
S__GCA_016765295.1	d__Bacteria	p__Proteobacteria	Pelagic_heterotroph	pelagic_export	O2	0.85	""
S__GCA_017858365.1	d__Bacteria	p__Bacteroidota	Particle_heterotroph	particle_associated	O2	0.85	""
S__GCA_903911165.1	d__Bacteria	p__Actinobacteriota	Core_heterotrophy	pelagic_export	O2	0.99	M00307:1;W00008:0.33;W00010:0;W00011:0.75
S__GCA_012959845.1	d__Archaea	p__Thermoplasmatota	Pelagic_heterotroph_MGII	pelagic_export	O2	0.85	""
S__GCA_012960055.1	d__Bacteria	p__Proteobacteria	Core_heterotrophy	pelagic_export	O2	0.99	M00307:0.67;W00008:0.33;W00010:1;W00011:0.38
S__GCA_905614375.1	d__Bacteria	p__Chloroflexota	Dehalococcoidia	diagenetic_in_situ	CO2	0.85	""
S__3300027844_12	d__Bacteria	p__Latescibacterota	Core_heterotrophy	pelagic_export	O2	0.99	M00307:1;W00008:0.33;W00010:0;W00011:0.62
S__3300027847_49	d__Bacteria	p__Chloroflexota	Dehalococcoidia	diagenetic_in_situ	CO2	0.85	""
S__TARA_ARC_108_MAG_00099	d__Bacteria	p__Bacteroidota	Particle_heterotroph	particle_associated	O2	0.85	""
S__GCA_002313265.1	d__Bacteria	p__Proteobacteria	Core_heterotrophy	pelagic_export	O2	0.99	M00307:1;W00008:0.33;W00010:0;W00011:0.5
S__TARA_ARC_108_MAG_00113	d__Bacteria	p__Proteobacteria	Pelagic_heterotroph	pelagic_export	O2	0.85	""
S__GCA_905612245.1	d__Bacteria	p__Proteobacteria	Nitrification_AOB	pelagic_export	O2	0.958333333333333	M00528:0.83
S__GCA_002937555.1	d__Bacteria	p__Proteobacteria	Core_heterotrophy	pelagic_export	O2	0.99	M00307:1;W00008:0.33;W00010:1;W00011:0.5
S__GCA_003230615.1	d__Bacteria	p__Proteobacteria	Core_heterotrophy	pelagic_export	O2	0.99	M00307:1;W00008:0.33;W00010:0;W00011:0.38
S__GCA_902727865.1	d__Bacteria	p__Bacteroidota	Particle_heterotroph	particle_associated	O2	0.85	""
S__3300027687_20	d__Archaea	p__Thermoplasmatota	Pelagic_heterotroph_MGII	pelagic_export	O2	0.85	""
S__Schulz_GVMAG_S_1102104_120	d__Viruses	p__Nucleocytoviricota	Virus_modulator	pelagic_export	""	0.9	""
S__GCA_014523515.1	d__Archaea	p__Thermoproteota	Nitrification_AOA	pelagic_export	O2	0.85	""
S__GCA_905181635.1	d__Bacteria	p__Bacteroidota	Particle_heterotroph	particle_associated	O2	0.85	""
S__GCA_009886465.1	d__Bacteria	p__Verrucomicrobiota	Core_heterotrophy	pelagic_export	O2	0.99	M00307:0.5;W00008:0;W00010:1;W00011:0.5
S__GCA_905182885.1	d__Bacteria	p__Proteobacteria	Pelagic_heterotroph	pelagic_export	O2	0.85	""
S__3300026079_4	d__Bacteria	p__Proteobacteria	Core_heterotrophy	pelagic_export	O2	0.99	M00307:1;W00008:0.33;W00010:0;W00011:0.88
S__GCA_012959275.1	d__Archaea	p__Thermoplasmatota	Pelagic_heterotroph_MGII	pelagic_export	O2	0.85	""
S__GCA_002683135.1	d__Bacteria	p__Planctomycetota	Particle_heterotroph	particle_associated	O2	0.85	""
S__3300024529_6	d__Bacteria	p__Proteobacteria	Core_heterotrophy	pelagic_export	O2	0.99	M00307:1;W00008:0.33;W00010:0;W00011:0.38
S__GCA_014382645.1	d__Bacteria	p__Verrucomicrobiota	Core_heterotrophy	pelagic_export	O2	0.99	M00307:1;W00008:0.33;W00010:0;W00011:0.12
S__GCA_011049795.1	d__Bacteria	p__Proteobacteria	Core_heterotrophy	pelagic_export	O2	0.99	M00307:1;W00008:0.67;W00010:1;W00011:0.5
S__GCA_905612375.1	d__Bacteria	p__Proteobacteria	Pelagic_heterotroph	pelagic_export	O2	0.85	""
S__GCA_012959665.1	d__Bacteria	p__Myxococcota_A	Core_heterotrophy	pelagic_export	O2	0.99	M00307:1;W00008:0.33;W00010:1;W00011:0.62
S__3300012950_8	d__Bacteria	p__Planctomycetota	Core_heterotrophy	pelagic_export	O2	0.99	M00307:1;W00008:0.33;W00010:0;W00011:0.38
S__GCA_014239685.1	d__Bacteria	p__Chloroflexota	Dehalococcoidia	diagenetic_in_situ	CO2	0.85	""
S__GCA_905480395.1	d__Bacteria	p__Planctomycetota	Particle_heterotroph	particle_associated	O2	0.85	""
S__3300026190_2	d__Bacteria	p__Planctomycetota	Core_heterotrophy	pelagic_export	O2	0.99	M00307:1;W00008:0.33;W00010:0;W00011:0.38
S__GCA_005223095.1	d__Bacteria	p__Aerophobota	Unknown	uncertain	Unknown	0.1	""
S__GCA_905181615.1	d__Bacteria	p__Bacteroidota	Core_heterotrophy	pelagic_export	O2	0.99	M00307:1;W00008:0.33;W00010:0;W00011:0.75
S__3300027752_30	d__Archaea	p__Thermoplasmatota	Pelagic_heterotroph_MGII	pelagic_export	O2	0.85	""
S__3300027832_31	d__Bacteria	p__Actinobacteriota	Core_heterotrophy	pelagic_export	O2	0.99	M00307:0.67;W00008:0.33;W00010:1;W00011:0.62
S__GCA_002701145.1	d__Archaea	p__Thermoplasmatota	Pelagic_heterotroph_MGII	pelagic_export	O2	0.85	""
S__TARA_ARC_108_MAG_00012	d__Bacteria	p__Proteobacteria	Core_heterotrophy	pelagic_export	O2	0.99	M00307:1;W00008:0.33;W00010:1;W00011:0.5
S__GCA_018699155.1	d__Bacteria	p__Proteobacteria	Pelagic_heterotroph	pelagic_export	O2	0.85	""
S__GCA_013138975.1	d__Bacteria	p__Bacteroidota	Core_heterotrophy	pelagic_export	O2	0.99	M00307:1;W00008:0.33;W00010:0;W00011:0.62
S__3300026080_15	d__Bacteria	p__Verrucomicrobiota	Particle_heterotroph	particle_associated	O2	0.85	""
S__3300020253_8	d__Bacteria	p__Bacteroidota	Core_heterotrophy	pelagic_export	O2	0.99	M00307:1;W00008:0.33;W00010:0;W00011:0.5
S__TARA_ARC_108_MAG_00196	d__Bacteria	p__Proteobacteria	Core_heterotrophy	pelagic_export	O2	0.99	M00307:0.75;W00008:0.33;W00010:1;W00011:0.62
S__GCA_905181625.1	d__Bacteria	p__Bacteroidota	Core_heterotrophy	pelagic_export	O2	0.99	M00307:1;W00008:0.33;W00010:1;W00011:0.5
S__GCA_905618925.1	d__Bacteria	p__Proteobacteria	Pelagic_heterotroph	pelagic_export	O2	0.85	""
S__3300027771_26	d__Bacteria	p__Proteobacteria	Core_heterotrophy	pelagic_export	O2	0.99	M00307:1;W00008:0.33;W00010:0;W00011:0.12
S__3300026119_8	d__Bacteria	p__Gemmatimonadota	Core_heterotrophy	pelagic_export	O2	0.6	""
S__3300024516_13	d__Bacteria	p__Proteobacteria	Core_heterotrophy	pelagic_export	O2	0.99	M00307:1;W00008:0.33;W00010:1;W00011:0.62
S__3300027839_100	d__Bacteria	p__Desulfobacterota_D	Sulfate_reduction_diagenetic	diagenetic_in_situ	SO4--	0.85	""
S__3300025721_23	d__Bacteria	p__Actinobacteriota	Core_heterotrophy	uncertain	O2	0.7	""
S__3300026119_19	d__Bacteria	p__Proteobacteria	Core_heterotrophy	pelagic_export	O2	0.99	M00307:1;W00008:0.33;W00010:0;W00011:0.62
