taxon	glacial_present	interglacial_present	glacial_absent	interglacial_absent	odds_ratio	p_value	glacial_mean_abund	interglacial_mean_abund	log2fc	fdr	enrichment_class	threshold	method	taxon_embedding_plot	site_embedding_plot	core_mis_midpoint
S__3300001683_28	13	3	136	62	1.96998827083601	0.401476519890476	296.167785234899	110.738461538462	1.41925833204391	0.584588910377961	neither	prev_10	mi_aracne	/src/results/ngraph/abundance_thresholding/deep_modules/prev_10/mi_aracne/figures/vgae_taxon_embedding_enrichment_pca.png	/src/results/ngraph/abundance_thresholding/deep_modules/prev_10/mi_aracne/figures/vgae_site_embedding_mis_pca.png	4
S__3300006311_3	25	20	124	45	0.455462884056457	0.0281570608795354	414.738255033557	1345.4	-1.69776212966269	0.0869852059314219	interglacial_enriched	prev_10	mi_aracne	/src/results/ngraph/abundance_thresholding/deep_modules/prev_10/mi_aracne/figures/vgae_taxon_embedding_enrichment_pca.png	/src/results/ngraph/abundance_thresholding/deep_modules/prev_10/mi_aracne/figures/vgae_site_embedding_mis_pca.png	4
S__3300020187_18	22	6	127	59	1.69952082817371	0.378146894057066	311.791946308725	226.430769230769	0.461513644996894	0.559140279246773	neither	prev_10	mi_aracne	/src/results/ngraph/abundance_thresholding/deep_modules/prev_10/mi_aracne/figures/vgae_taxon_embedding_enrichment_pca.png	/src/results/ngraph/abundance_thresholding/deep_modules/prev_10/mi_aracne/figures/vgae_site_embedding_mis_pca.png	4
S__3300020263_16	43	21	106	44	0.850618502223686	0.628869228657395	930.03355704698	1213.8	-0.384176048429887	0.76615758139246	neither	prev_10	mi_aracne	/src/results/ngraph/abundance_thresholding/deep_modules/prev_10/mi_aracne/figures/vgae_taxon_embedding_enrichment_pca.png	/src/results/ngraph/abundance_thresholding/deep_modules/prev_10/mi_aracne/figures/vgae_site_embedding_mis_pca.png	4
S__3300020300_16	14	13	135	52	0.416724030308455	0.0430337507721774	328.315436241611	1428.87692307692	-2.12172716416349	0.122046539075192	neither	prev_10	mi_aracne	/src/results/ngraph/abundance_thresholding/deep_modules/prev_10/mi_aracne/figures/vgae_taxon_embedding_enrichment_pca.png	/src/results/ngraph/abundance_thresholding/deep_modules/prev_10/mi_aracne/figures/vgae_site_embedding_mis_pca.png	4
S__3300020317_19	3	9	146	56	0.129288154482734	0.00137777208411148	42.9664429530201	328.769230769231	-2.93579300424622	0.00851266323397452	interglacial_enriched	prev_10	mi_aracne	/src/results/ngraph/abundance_thresholding/deep_modules/prev_10/mi_aracne/figures/vgae_taxon_embedding_enrichment_pca.png	/src/results/ngraph/abundance_thresholding/deep_modules/prev_10/mi_aracne/figures/vgae_site_embedding_mis_pca.png	4
S__3300020330_9	1	11	148	54	0.0337007293314144	9.76660485776954e-06	20.4563758389262	1075.32307692308	-5.71607572588835	0.000422405660098532	interglacial_enriched	prev_10	mi_aracne	/src/results/ngraph/abundance_thresholding/deep_modules/prev_10/mi_aracne/figures/vgae_taxon_embedding_enrichment_pca.png	/src/results/ngraph/abundance_thresholding/deep_modules/prev_10/mi_aracne/figures/vgae_site_embedding_mis_pca.png	4
S__3300024058_12	42	15	107	50	1.30680721495882	0.50307761016467	2168.08053691275	2167.58461538462	0.000330036341354942	0.669048936117441	neither	prev_10	mi_aracne	/src/results/ngraph/abundance_thresholding/deep_modules/prev_10/mi_aracne/figures/vgae_taxon_embedding_enrichment_pca.png	/src/results/ngraph/abundance_thresholding/deep_modules/prev_10/mi_aracne/figures/vgae_site_embedding_mis_pca.png	4
S__3300024058_22	25	23	124	42	0.370093823528898	0.0041107742117864	332.013422818792	2055.56923076923	-2.6302244845607	0.0182349727856166	interglacial_enriched	prev_10	mi_aracne	/src/results/ngraph/abundance_thresholding/deep_modules/prev_10/mi_aracne/figures/vgae_taxon_embedding_enrichment_pca.png	/src/results/ngraph/abundance_thresholding/deep_modules/prev_10/mi_aracne/figures/vgae_site_embedding_mis_pca.png	4
S__3300024060_27	6	5	143	60	0.505261853200571	0.315286112314204	84.4429530201342	132.861538461538	-0.653874582412251	0.505041642873679	neither	prev_10	mi_aracne	/src/results/ngraph/abundance_thresholding/deep_modules/prev_10/mi_aracne/figures/vgae_taxon_embedding_enrichment_pca.png	/src/results/ngraph/abundance_thresholding/deep_modules/prev_10/mi_aracne/figures/vgae_site_embedding_mis_pca.png	4
S__3300024431_33	37	14	112	51	1.20241518471327	0.727551441383744	1151.37583892617	1894.87692307692	-0.718745300935535	0.844740935297905	neither	prev_10	mi_aracne	/src/results/ngraph/abundance_thresholding/deep_modules/prev_10/mi_aracne/figures/vgae_taxon_embedding_enrichment_pca.png	/src/results/ngraph/abundance_thresholding/deep_modules/prev_10/mi_aracne/figures/vgae_site_embedding_mis_pca.png	4
S__3300024516_13	27	17	122	48	0.62631913881672	0.200153857905457	477.080536912752	7873.15384615385	-4.04463693066989	0.37637627627874	neither	prev_10	mi_aracne	/src/results/ngraph/abundance_thresholding/deep_modules/prev_10/mi_aracne/figures/vgae_taxon_embedding_enrichment_pca.png	/src/results/ngraph/abundance_thresholding/deep_modules/prev_10/mi_aracne/figures/vgae_site_embedding_mis_pca.png	4
S__3300024516_18	18	9	131	56	0.855613832301564	0.823157936526336	225.221476510067	362.907692307692	-0.688258229067405	0.90130584189276	neither	prev_10	mi_aracne	/src/results/ngraph/abundance_thresholding/deep_modules/prev_10/mi_aracne/figures/vgae_taxon_embedding_enrichment_pca.png	/src/results/ngraph/abundance_thresholding/deep_modules/prev_10/mi_aracne/figures/vgae_site_embedding_mis_pca.png	4
S__3300024516_26	6	7	143	58	0.349610200293806	0.0679404421541489	82.9395973154363	440.092307692308	-2.40767319331929	0.172848477833349	neither	prev_10	mi_aracne	/src/results/ngraph/abundance_thresholding/deep_modules/prev_10/mi_aracne/figures/vgae_taxon_embedding_enrichment_pca.png	/src/results/ngraph/abundance_thresholding/deep_modules/prev_10/mi_aracne/figures/vgae_site_embedding_mis_pca.png	4
S__3300024516_38	65	30	84	35	0.903211567899919	0.76607630944941	1477.36241610738	7731.92307692308	-2.38780350252705	0.866217003495085	neither	prev_10	mi_aracne	/src/results/ngraph/abundance_thresholding/deep_modules/prev_10/mi_aracne/figures/vgae_taxon_embedding_enrichment_pca.png	/src/results/ngraph/abundance_thresholding/deep_modules/prev_10/mi_aracne/figures/vgae_site_embedding_mis_pca.png	4
S__3300025276_12	12	4	137	61	1.33407518879391	0.781080577708576	172.328859060403	153.969230769231	0.162522250426239	0.877447661971322	neither	prev_10	mi_aracne	/src/results/ngraph/abundance_thresholding/deep_modules/prev_10/mi_aracne/figures/vgae_taxon_embedding_enrichment_pca.png	/src/results/ngraph/abundance_thresholding/deep_modules/prev_10/mi_aracne/figures/vgae_site_embedding_mis_pca.png	4
S__3300025894_53	16	3	133	62	2.47735664442594	0.194539246756081	270.718120805369	183.646153846154	0.559862774973662	0.369838348228594	neither	prev_10	mi_aracne	/src/results/ngraph/abundance_thresholding/deep_modules/prev_10/mi_aracne/figures/vgae_taxon_embedding_enrichment_pca.png	/src/results/ngraph/abundance_thresholding/deep_modules/prev_10/mi_aracne/figures/vgae_site_embedding_mis_pca.png	4
S__3300026080_15	9	7	140	58	0.534345517630185	0.261173241275116	116.58389261745	210.923076923077	-0.855348464649111	0.456393643844394	neither	prev_10	mi_aracne	/src/results/ngraph/abundance_thresholding/deep_modules/prev_10/mi_aracne/figures/vgae_taxon_embedding_enrichment_pca.png	/src/results/ngraph/abundance_thresholding/deep_modules/prev_10/mi_aracne/figures/vgae_site_embedding_mis_pca.png	4
S__3300026087_14	11	2	138	63	2.50197772184076	0.352313696474434	233.040268456376	94.6769230769231	1.29949453396162	0.532164605083277	neither	prev_10	mi_aracne	/src/results/ngraph/abundance_thresholding/deep_modules/prev_10/mi_aracne/figures/vgae_taxon_embedding_enrichment_pca.png	/src/results/ngraph/abundance_thresholding/deep_modules/prev_10/mi_aracne/figures/vgae_site_embedding_mis_pca.png	4
S__3300026253_28	40	21	109	44	0.769885715745519	0.415817611715195	744.046979865772	7013.38461538462	-3.23664522360488	0.59947039022274	neither	prev_10	mi_aracne	/src/results/ngraph/abundance_thresholding/deep_modules/prev_10/mi_aracne/figures/vgae_taxon_embedding_enrichment_pca.png	/src/results/ngraph/abundance_thresholding/deep_modules/prev_10/mi_aracne/figures/vgae_site_embedding_mis_pca.png	4
S__3300026253_8	10	2	139	63	2.25889429513768	0.353751038061138	146.228187919463	59.5846153846154	1.2952096440319	0.532164605083277	neither	prev_10	mi_aracne	/src/results/ngraph/abundance_thresholding/deep_modules/prev_10/mi_aracne/figures/vgae_taxon_embedding_enrichment_pca.png	/src/results/ngraph/abundance_thresholding/deep_modules/prev_10/mi_aracne/figures/vgae_site_embedding_mis_pca.png	4
S__3300026264_29	7	3	142	62	1.01870230526708	1	105.664429530201	96.4923076923077	0.13100395249248	1	neither	prev_10	mi_aracne	/src/results/ngraph/abundance_thresholding/deep_modules/prev_10/mi_aracne/figures/vgae_taxon_embedding_enrichment_pca.png	/src/results/ngraph/abundance_thresholding/deep_modules/prev_10/mi_aracne/figures/vgae_site_embedding_mis_pca.png	4
S__3300026264_34	92	31	57	34	1.76543861284591	0.0710228003096958	7088.59731543624	5290.13846153846	0.422194693342622	0.178071658747498	neither	prev_10	mi_aracne	/src/results/ngraph/abundance_thresholding/deep_modules/prev_10/mi_aracne/figures/vgae_taxon_embedding_enrichment_pca.png	/src/results/ngraph/abundance_thresholding/deep_modules/prev_10/mi_aracne/figures/vgae_site_embedding_mis_pca.png	4
S__3300027687_20	37	3	112	62	6.78258204211365	0.000238984726563556	751.221476510067	178.830769230769	2.07064331750455	0.00344536314129126	glacial_enriched	prev_10	mi_aracne	/src/results/ngraph/abundance_thresholding/deep_modules/prev_10/mi_aracne/figures/vgae_taxon_embedding_enrichment_pca.png	/src/results/ngraph/abundance_thresholding/deep_modules/prev_10/mi_aracne/figures/vgae_site_embedding_mis_pca.png	4
S__3300027752_17	26	12	123	53	0.933908009634742	0.847904764764994	375.637583892617	474.323076923077	-0.336528642755625	0.916597949907434	neither	prev_10	mi_aracne	/src/results/ngraph/abundance_thresholding/deep_modules/prev_10/mi_aracne/figures/vgae_taxon_embedding_enrichment_pca.png	/src/results/ngraph/abundance_thresholding/deep_modules/prev_10/mi_aracne/figures/vgae_site_embedding_mis_pca.png	4
S__3300027771_26	8	5	141	60	0.682147929741511	0.540374112069712	128.046979865772	163.461538461538	-0.352277989828777	0.697647174537763	neither	prev_10	mi_aracne	/src/results/ngraph/abundance_thresholding/deep_modules/prev_10/mi_aracne/figures/vgae_taxon_embedding_enrichment_pca.png	/src/results/ngraph/abundance_thresholding/deep_modules/prev_10/mi_aracne/figures/vgae_site_embedding_mis_pca.png	4
S__3300027779_22	15	2	134	63	3.51019514361979	0.101849736128557	267.496644295302	80.6153846153846	1.73039368711321	0.228831225327797	neither	prev_10	mi_aracne	/src/results/ngraph/abundance_thresholding/deep_modules/prev_10/mi_aracne/figures/vgae_taxon_embedding_enrichment_pca.png	/src/results/ngraph/abundance_thresholding/deep_modules/prev_10/mi_aracne/figures/vgae_site_embedding_mis_pca.png	4
S__3300027791_27	22	4	127	61	2.63164396565163	0.109577459081848	351.865771812081	145.676923076923	1.27225281933804	0.236961255264497	neither	prev_10	mi_aracne	/src/results/ngraph/abundance_thresholding/deep_modules/prev_10/mi_aracne/figures/vgae_taxon_embedding_enrichment_pca.png	/src/results/ngraph/abundance_thresholding/deep_modules/prev_10/mi_aracne/figures/vgae_site_embedding_mis_pca.png	4
S__3300027827_16	18	10	131	55	0.756729533060187	0.51435554048335	288.463087248322	363.784615384615	-0.334697812672653	0.669048936117441	neither	prev_10	mi_aracne	/src/results/ngraph/abundance_thresholding/deep_modules/prev_10/mi_aracne/figures/vgae_taxon_embedding_enrichment_pca.png	/src/results/ngraph/abundance_thresholding/deep_modules/prev_10/mi_aracne/figures/vgae_site_embedding_mis_pca.png	4
S__3300027844_79	15	3	134	62	2.30573664284585	0.283877718094486	278.946308724832	133.969230769231	1.05808576545724	0.475795725786353	neither	prev_10	mi_aracne	/src/results/ngraph/abundance_thresholding/deep_modules/prev_10/mi_aracne/figures/vgae_taxon_embedding_enrichment_pca.png	/src/results/ngraph/abundance_thresholding/deep_modules/prev_10/mi_aracne/figures/vgae_site_embedding_mis_pca.png	4
S__3300027847_80	44	12	105	53	1.8457742742965	0.0946081488635707	1732.89932885906	472.461538461539	1.87491904854033	0.22117851018105	neither	prev_10	mi_aracne	/src/results/ngraph/abundance_thresholding/deep_modules/prev_10/mi_aracne/figures/vgae_taxon_embedding_enrichment_pca.png	/src/results/ngraph/abundance_thresholding/deep_modules/prev_10/mi_aracne/figures/vgae_site_embedding_mis_pca.png	4
S__3300027997_10	10	15	139	50	0.241709270482835	0.00188999877726621	176.315436241611	1697.16923076923	-3.26689972914486	0.0108989929489018	interglacial_enriched	prev_10	mi_aracne	/src/results/ngraph/abundance_thresholding/deep_modules/prev_10/mi_aracne/figures/vgae_taxon_embedding_enrichment_pca.png	/src/results/ngraph/abundance_thresholding/deep_modules/prev_10/mi_aracne/figures/vgae_site_embedding_mis_pca.png	4
S__GCA_000213395.2	14	5	135	60	1.24317641507325	0.798234509160337	267.335570469799	169.523076923077	0.657170127109049	0.890932710224119	neither	prev_10	mi_aracne	/src/results/ngraph/abundance_thresholding/deep_modules/prev_10/mi_aracne/figures/vgae_taxon_embedding_enrichment_pca.png	/src/results/ngraph/abundance_thresholding/deep_modules/prev_10/mi_aracne/figures/vgae_site_embedding_mis_pca.png	4
S__GCA_000383355.1	6	5	143	60	0.505261853200571	0.315286112314204	78	147.507692307692	-0.919244153042813	0.505041642873679	neither	prev_10	mi_aracne	/src/results/ngraph/abundance_thresholding/deep_modules/prev_10/mi_aracne/figures/vgae_taxon_embedding_enrichment_pca.png	/src/results/ngraph/abundance_thresholding/deep_modules/prev_10/mi_aracne/figures/vgae_site_embedding_mis_pca.png	4
S__GCA_000402075.1	17	7	132	58	1.06678408007889	1	317.590604026846	219.476923076923	0.533098973278055	1	neither	prev_10	mi_aracne	/src/results/ngraph/abundance_thresholding/deep_modules/prev_10/mi_aracne/figures/vgae_taxon_embedding_enrichment_pca.png	/src/results/ngraph/abundance_thresholding/deep_modules/prev_10/mi_aracne/figures/vgae_site_embedding_mis_pca.png	4
S__GCA_001437625.1	48	7	101	58	3.91651680201724	0.00106468340272265	933.738255033557	238.292307692308	1.97028580598087	0.00800827081178344	glacial_enriched	prev_10	mi_aracne	/src/results/ngraph/abundance_thresholding/deep_modules/prev_10/mi_aracne/figures/vgae_taxon_embedding_enrichment_pca.png	/src/results/ngraph/abundance_thresholding/deep_modules/prev_10/mi_aracne/figures/vgae_site_embedding_mis_pca.png	4
S__GCA_001510275.1	3	9	146	56	0.129288154482734	0.00137777208411148	66.8590604026846	532.015384615385	-2.99227296132549	0.00851266323397452	interglacial_enriched	prev_10	mi_aracne	/src/results/ngraph/abundance_thresholding/deep_modules/prev_10/mi_aracne/figures/vgae_taxon_embedding_enrichment_pca.png	/src/results/ngraph/abundance_thresholding/deep_modules/prev_10/mi_aracne/figures/vgae_site_embedding_mis_pca.png	4
S__GCA_001542995.1	32	11	117	54	1.34087376880877	0.578143415738454	738.630872483221	495.723076923077	0.575319142255662	0.724773992193859	neither	prev_10	mi_aracne	/src/results/ngraph/abundance_thresholding/deep_modules/prev_10/mi_aracne/figures/vgae_taxon_embedding_enrichment_pca.png	/src/results/ngraph/abundance_thresholding/deep_modules/prev_10/mi_aracne/figures/vgae_site_embedding_mis_pca.png	4
S__GCA_001543015.1	78	28	71	37	1.44915539825487	0.236147342061945	9990.91946308725	3940.32307692308	1.34230353025429	0.417184897897762	neither	prev_10	mi_aracne	/src/results/ngraph/abundance_thresholding/deep_modules/prev_10/mi_aracne/figures/vgae_taxon_embedding_enrichment_pca.png	/src/results/ngraph/abundance_thresholding/deep_modules/prev_10/mi_aracne/figures/vgae_site_embedding_mis_pca.png	4
S__GCA_001643535.1	26	13	123	52	0.846217811555156	0.70148841006636	986.241610738255	1046.2	-0.0851456467429031	0.831215718777263	neither	prev_10	mi_aracne	/src/results/ngraph/abundance_thresholding/deep_modules/prev_10/mi_aracne/figures/vgae_taxon_embedding_enrichment_pca.png	/src/results/ngraph/abundance_thresholding/deep_modules/prev_10/mi_aracne/figures/vgae_site_embedding_mis_pca.png	4
S__GCA_002082295.1	15	4	134	61	1.70322120747167	0.44086343226748	287.03355704698	111.261538461538	1.36726444445371	0.620076209611984	neither	prev_10	mi_aracne	/src/results/ngraph/abundance_thresholding/deep_modules/prev_10/mi_aracne/figures/vgae_taxon_embedding_enrichment_pca.png	/src/results/ngraph/abundance_thresholding/deep_modules/prev_10/mi_aracne/figures/vgae_site_embedding_mis_pca.png	4
S__GCA_002295725.1	2	8	147	57	0.0981283667753287	0.00135133841180349	21.5973154362416	647.230769230769	-4.9053562297957	0.00851266323397452	interglacial_enriched	prev_10	mi_aracne	/src/results/ngraph/abundance_thresholding/deep_modules/prev_10/mi_aracne/figures/vgae_taxon_embedding_enrichment_pca.png	/src/results/ngraph/abundance_thresholding/deep_modules/prev_10/mi_aracne/figures/vgae_site_embedding_mis_pca.png	4
S__GCA_002313235.1	5	8	144	57	0.249272697599452	0.0242269997425606	59.9463087248322	378.138461538462	-2.65717175156764	0.0797101378363612	interglacial_enriched	prev_10	mi_aracne	/src/results/ngraph/abundance_thresholding/deep_modules/prev_10/mi_aracne/figures/vgae_taxon_embedding_enrichment_pca.png	/src/results/ngraph/abundance_thresholding/deep_modules/prev_10/mi_aracne/figures/vgae_site_embedding_mis_pca.png	4
S__GCA_002317795.1	40	10	109	55	2.01222421445136	0.0798070086415414	912.751677852349	778.523076923077	0.229482611205911	0.194459330915305	neither	prev_10	mi_aracne	/src/results/ngraph/abundance_thresholding/deep_modules/prev_10/mi_aracne/figures/vgae_taxon_embedding_enrichment_pca.png	/src/results/ngraph/abundance_thresholding/deep_modules/prev_10/mi_aracne/figures/vgae_site_embedding_mis_pca.png	4
S__GCA_002335045.1	10	1	139	64	4.58070751222616	0.1789584945751	161.087248322148	54.3076923076923	1.56861381175943	0.347863141140363	neither	prev_10	mi_aracne	/src/results/ngraph/abundance_thresholding/deep_modules/prev_10/mi_aracne/figures/vgae_taxon_embedding_enrichment_pca.png	/src/results/ngraph/abundance_thresholding/deep_modules/prev_10/mi_aracne/figures/vgae_site_embedding_mis_pca.png	4
S__GCA_002499015.1	36	3	113	62	6.54159207129086	0.000407732469945244	979	309.523076923077	1.66126188105875	0.00424218978788002	glacial_enriched	prev_10	mi_aracne	/src/results/ngraph/abundance_thresholding/deep_modules/prev_10/mi_aracne/figures/vgae_taxon_embedding_enrichment_pca.png	/src/results/ngraph/abundance_thresholding/deep_modules/prev_10/mi_aracne/figures/vgae_site_embedding_mis_pca.png	4
S__GCA_003229345.1	7	3	142	62	1.01870230526708	1	147.885906040268	241.415384615385	-0.707033047566531	1	neither	prev_10	mi_aracne	/src/results/ngraph/abundance_thresholding/deep_modules/prev_10/mi_aracne/figures/vgae_taxon_embedding_enrichment_pca.png	/src/results/ngraph/abundance_thresholding/deep_modules/prev_10/mi_aracne/figures/vgae_site_embedding_mis_pca.png	4
S__GCA_003331785.1	9	10	140	55	0.355529701163729	0.0363192716845292	227.161073825503	543.476923076923	-1.258503136921	0.106495491549552	neither	prev_10	mi_aracne	/src/results/ngraph/abundance_thresholding/deep_modules/prev_10/mi_aracne/figures/vgae_taxon_embedding_enrichment_pca.png	/src/results/ngraph/abundance_thresholding/deep_modules/prev_10/mi_aracne/figures/vgae_site_embedding_mis_pca.png	4
S__GCA_003526595.1	20	6	129	59	1.52174309824448	0.497328829061123	566.664429530201	183.892307692308	1.62363350726722	0.669048936117441	neither	prev_10	mi_aracne	/src/results/ngraph/abundance_thresholding/deep_modules/prev_10/mi_aracne/figures/vgae_taxon_embedding_enrichment_pca.png	/src/results/ngraph/abundance_thresholding/deep_modules/prev_10/mi_aracne/figures/vgae_site_embedding_mis_pca.png	4
S__GCA_003545625.1	13	4	136	61	1.45532386560099	0.595883591679214	198.852348993289	336.446153846154	-0.758678021364471	0.741639290363338	neither	prev_10	mi_aracne	/src/results/ngraph/abundance_thresholding/deep_modules/prev_10/mi_aracne/figures/vgae_taxon_embedding_enrichment_pca.png	/src/results/ngraph/abundance_thresholding/deep_modules/prev_10/mi_aracne/figures/vgae_site_embedding_mis_pca.png	4
S__GCA_003672175.1	17	20	132	45	0.291729065129498	0.00132695004413156	415.295302013423	1661.89230769231	-2.00061743780472	0.00851266323397452	interglacial_enriched	prev_10	mi_aracne	/src/results/ngraph/abundance_thresholding/deep_modules/prev_10/mi_aracne/figures/vgae_taxon_embedding_enrichment_pca.png	/src/results/ngraph/abundance_thresholding/deep_modules/prev_10/mi_aracne/figures/vgae_site_embedding_mis_pca.png	4
S__GCA_004195625.1	47	8	102	57	3.26719240526443	0.00352476530997242	831.496644295302	583.553846153846	0.510844656842447	0.0164806594223035	glacial_enriched	prev_10	mi_aracne	/src/results/ngraph/abundance_thresholding/deep_modules/prev_10/mi_aracne/figures/vgae_taxon_embedding_enrichment_pca.png	/src/results/ngraph/abundance_thresholding/deep_modules/prev_10/mi_aracne/figures/vgae_site_embedding_mis_pca.png	4
S__GCA_004356455.1	2	10	147	55	0.075840963397386	0.000150074859140202	20.9395973154362	1222.96923076923	-5.86801053056741	0.002360268239205	interglacial_enriched	prev_10	mi_aracne	/src/results/ngraph/abundance_thresholding/deep_modules/prev_10/mi_aracne/figures/vgae_taxon_embedding_enrichment_pca.png	/src/results/ngraph/abundance_thresholding/deep_modules/prev_10/mi_aracne/figures/vgae_site_embedding_mis_pca.png	4
S__GCA_004356825.1	5	10	144	55	0.192705459549512	0.00292493183835171	51.0268456375839	913.030769230769	-4.16133508780955	0.0148827414127896	interglacial_enriched	prev_10	mi_aracne	/src/results/ngraph/abundance_thresholding/deep_modules/prev_10/mi_aracne/figures/vgae_taxon_embedding_enrichment_pca.png	/src/results/ngraph/abundance_thresholding/deep_modules/prev_10/mi_aracne/figures/vgae_site_embedding_mis_pca.png	4
S__GCA_004356895.1	11	2	138	63	2.50197772184076	0.352313696474434	144.825503355705	129.030769230769	0.166600540108548	0.532164605083277	neither	prev_10	mi_aracne	/src/results/ngraph/abundance_thresholding/deep_modules/prev_10/mi_aracne/figures/vgae_taxon_embedding_enrichment_pca.png	/src/results/ngraph/abundance_thresholding/deep_modules/prev_10/mi_aracne/figures/vgae_site_embedding_mis_pca.png	4
S__GCA_008974855.1	128	40	21	25	3.78185657498117	0.000124464425650915	7492.40939597316	7616.36923076923	-0.0236736874891202	0.00215323456376082	interglacial_enriched	prev_10	mi_aracne	/src/results/ngraph/abundance_thresholding/deep_modules/prev_10/mi_aracne/figures/vgae_taxon_embedding_enrichment_pca.png	/src/results/ngraph/abundance_thresholding/deep_modules/prev_10/mi_aracne/figures/vgae_site_embedding_mis_pca.png	4
S__GCA_008975185.1	3	7	146	58	0.171881918878637	0.00973962375754028	55.3288590604027	318.615384615385	-2.52571182945543	0.0351032272928014	interglacial_enriched	prev_10	mi_aracne	/src/results/ngraph/abundance_thresholding/deep_modules/prev_10/mi_aracne/figures/vgae_taxon_embedding_enrichment_pca.png	/src/results/ngraph/abundance_thresholding/deep_modules/prev_10/mi_aracne/figures/vgae_site_embedding_mis_pca.png	4
S__GCA_009392475.1	2	11	147	54	0.067735381633009	4.7969347360412e-05	52.2953020134228	454.369230769231	-3.11911186465956	0.0012813274765547	interglacial_enriched	prev_10	mi_aracne	/src/results/ngraph/abundance_thresholding/deep_modules/prev_10/mi_aracne/figures/vgae_taxon_embedding_enrichment_pca.png	/src/results/ngraph/abundance_thresholding/deep_modules/prev_10/mi_aracne/figures/vgae_site_embedding_mis_pca.png	4
S__GCA_009937205.1	15	18	134	47	0.29424349505914	0.00178192510846974	244.496644295302	654.215384615385	-1.41995101833802	0.010630104957423	interglacial_enriched	prev_10	mi_aracne	/src/results/ngraph/abundance_thresholding/deep_modules/prev_10/mi_aracne/figures/vgae_taxon_embedding_enrichment_pca.png	/src/results/ngraph/abundance_thresholding/deep_modules/prev_10/mi_aracne/figures/vgae_site_embedding_mis_pca.png	4
S__GCA_011055585.1	136	49	13	16	3.39337204409964	0.00389870813354357	9368.67785234899	31629.4153846154	-1.75534952215085	0.0177493817658694	interglacial_enriched	prev_10	mi_aracne	/src/results/ngraph/abundance_thresholding/deep_modules/prev_10/mi_aracne/figures/vgae_taxon_embedding_enrichment_pca.png	/src/results/ngraph/abundance_thresholding/deep_modules/prev_10/mi_aracne/figures/vgae_site_embedding_mis_pca.png	4
S__GCA_012960805.1	47	20	102	45	1.03659596681156	1	1146.97986577181	970.923076923077	0.24041116084879	1	neither	prev_10	mi_aracne	/src/results/ngraph/abundance_thresholding/deep_modules/prev_10/mi_aracne/figures/vgae_taxon_embedding_enrichment_pca.png	/src/results/ngraph/abundance_thresholding/deep_modules/prev_10/mi_aracne/figures/vgae_site_embedding_mis_pca.png	4
S__GCA_012964335.1	20	4	129	61	2.35619949102176	0.158694540044129	509.691275167785	181.446153846154	1.49008217644007	0.319234365437609	neither	prev_10	mi_aracne	/src/results/ngraph/abundance_thresholding/deep_modules/prev_10/mi_aracne/figures/vgae_taxon_embedding_enrichment_pca.png	/src/results/ngraph/abundance_thresholding/deep_modules/prev_10/mi_aracne/figures/vgae_site_embedding_mis_pca.png	4
S__GCA_012964845.1	17	8	132	57	0.91798973415924	0.820934296268431	305.536912751678	272.538461538462	0.164886843740469	0.90130584189276	neither	prev_10	mi_aracne	/src/results/ngraph/abundance_thresholding/deep_modules/prev_10/mi_aracne/figures/vgae_taxon_embedding_enrichment_pca.png	/src/results/ngraph/abundance_thresholding/deep_modules/prev_10/mi_aracne/figures/vgae_site_embedding_mis_pca.png	4
S__GCA_012974305.1	10	11	139	54	0.355130340098248	0.0262338639702564	837.463087248322	1894.01538461538	-1.17735054105559	0.0825174266700793	interglacial_enriched	prev_10	mi_aracne	/src/results/ngraph/abundance_thresholding/deep_modules/prev_10/mi_aracne/figures/vgae_taxon_embedding_enrichment_pca.png	/src/results/ngraph/abundance_thresholding/deep_modules/prev_10/mi_aracne/figures/vgae_site_embedding_mis_pca.png	4
S__GCA_012974425.1	8	3	141	62	1.17171721572163	1	111.590604026846	135.4	-0.279012179853663	1	neither	prev_10	mi_aracne	/src/results/ngraph/abundance_thresholding/deep_modules/prev_10/mi_aracne/figures/vgae_taxon_embedding_enrichment_pca.png	/src/results/ngraph/abundance_thresholding/deep_modules/prev_10/mi_aracne/figures/vgae_site_embedding_mis_pca.png	4
S__GCA_013203245.1	9	2	140	63	2.01923914177232	0.510309178480771	107.530201342282	65.0769230769231	0.724523963601072	0.669048936117441	neither	prev_10	mi_aracne	/src/results/ngraph/abundance_thresholding/deep_modules/prev_10/mi_aracne/figures/vgae_taxon_embedding_enrichment_pca.png	/src/results/ngraph/abundance_thresholding/deep_modules/prev_10/mi_aracne/figures/vgae_site_embedding_mis_pca.png	4
S__GCA_013215285.1	95	21	54	44	3.66230700498206	2.63153437556592e-05	4616.01342281879	1974.27692307692	1.22532305432789	0.000910510893945807	glacial_enriched	prev_10	mi_aracne	/src/results/ngraph/abundance_thresholding/deep_modules/prev_10/mi_aracne/figures/vgae_taxon_embedding_enrichment_pca.png	/src/results/ngraph/abundance_thresholding/deep_modules/prev_10/mi_aracne/figures/vgae_site_embedding_mis_pca.png	4
S__GCA_013390475.1	84	39	65	26	0.862137384106672	0.654349059075847	2430.69798657718	3995.33846153846	-0.716947074603928	0.791625085455395	neither	prev_10	mi_aracne	/src/results/ngraph/abundance_thresholding/deep_modules/prev_10/mi_aracne/figures/vgae_taxon_embedding_enrichment_pca.png	/src/results/ngraph/abundance_thresholding/deep_modules/prev_10/mi_aracne/figures/vgae_site_embedding_mis_pca.png	4
S__GCA_013911135.1	128	42	21	23	3.31620227322887	0.000774051645531746	5363.20134228188	8319.35384615385	-0.633377065073773	0.00637671117509486	interglacial_enriched	prev_10	mi_aracne	/src/results/ngraph/abundance_thresholding/deep_modules/prev_10/mi_aracne/figures/vgae_taxon_embedding_enrichment_pca.png	/src/results/ngraph/abundance_thresholding/deep_modules/prev_10/mi_aracne/figures/vgae_site_embedding_mis_pca.png	4
S__GCA_014384505.1	39	9	110	56	2.19859536218784	0.0511676248220076	722.442953020134	394.384615384615	0.873280395008032	0.138312485846989	neither	prev_10	mi_aracne	/src/results/ngraph/abundance_thresholding/deep_modules/prev_10/mi_aracne/figures/vgae_taxon_embedding_enrichment_pca.png	/src/results/ngraph/abundance_thresholding/deep_modules/prev_10/mi_aracne/figures/vgae_site_embedding_mis_pca.png	4
S__GCA_015659035.1	4	13	145	52	0.111705504296402	5.9252137644148e-05	71.1946308724832	1872.09230769231	-4.71673929749438	0.0012813274765547	interglacial_enriched	prev_10	mi_aracne	/src/results/ngraph/abundance_thresholding/deep_modules/prev_10/mi_aracne/figures/vgae_taxon_embedding_enrichment_pca.png	/src/results/ngraph/abundance_thresholding/deep_modules/prev_10/mi_aracne/figures/vgae_site_embedding_mis_pca.png	4
S__GCA_015659595.1	12	3	137	62	1.80574722762674	0.561344629089758	550.48322147651	262.8	1.06673331312327	0.70885124695276	neither	prev_10	mi_aracne	/src/results/ngraph/abundance_thresholding/deep_modules/prev_10/mi_aracne/figures/vgae_taxon_embedding_enrichment_pca.png	/src/results/ngraph/abundance_thresholding/deep_modules/prev_10/mi_aracne/figures/vgae_site_embedding_mis_pca.png	4
S__GCA_016276965.1	81	26	68	39	1.78192074217133	0.0740382733349162	1956.30201342282	2626.66153846154	-0.425101201717227	0.18298030409915	neither	prev_10	mi_aracne	/src/results/ngraph/abundance_thresholding/deep_modules/prev_10/mi_aracne/figures/vgae_taxon_embedding_enrichment_pca.png	/src/results/ngraph/abundance_thresholding/deep_modules/prev_10/mi_aracne/figures/vgae_site_embedding_mis_pca.png	4
S__GCA_016777225.1	18	22	131	43	0.270523610106829	0.000446221267281027	516.852348993289	2178.04615384615	-2.07521041884768	0.00424218978788002	interglacial_enriched	prev_10	mi_aracne	/src/results/ngraph/abundance_thresholding/deep_modules/prev_10/mi_aracne/figures/vgae_taxon_embedding_enrichment_pca.png	/src/results/ngraph/abundance_thresholding/deep_modules/prev_10/mi_aracne/figures/vgae_site_embedding_mis_pca.png	4
S__GCA_016777365.1	2	9	147	56	0.0857494168287041	0.000456999165383023	36.3221476510067	355.923076923077	-3.29264402624379	0.00424218978788002	interglacial_enriched	prev_10	mi_aracne	/src/results/ngraph/abundance_thresholding/deep_modules/prev_10/mi_aracne/figures/vgae_taxon_embedding_enrichment_pca.png	/src/results/ngraph/abundance_thresholding/deep_modules/prev_10/mi_aracne/figures/vgae_site_embedding_mis_pca.png	4
S__GCA_016838795.1	51	40	98	25	0.327088402121766	0.000282778063331262	1544.74496644295	4571.8	-1.56539361911275	0.00376312345817757	interglacial_enriched	prev_10	mi_aracne	/src/results/ngraph/abundance_thresholding/deep_modules/prev_10/mi_aracne/figures/vgae_taxon_embedding_enrichment_pca.png	/src/results/ngraph/abundance_thresholding/deep_modules/prev_10/mi_aracne/figures/vgae_site_embedding_mis_pca.png	4
S__GCA_016838825.1	22	22	127	43	0.340529203140515	0.00286382201473382	431.993288590604	4697.84615384616	-3.44291866128649	0.0148827414127896	interglacial_enriched	prev_10	mi_aracne	/src/results/ngraph/abundance_thresholding/deep_modules/prev_10/mi_aracne/figures/vgae_taxon_embedding_enrichment_pca.png	/src/results/ngraph/abundance_thresholding/deep_modules/prev_10/mi_aracne/figures/vgae_site_embedding_mis_pca.png	4
S__GCA_016838845.1	103	43	46	22	1.1448598869169	0.749784919522354	6130.06040268456	19487.6307692308	-1.66858550908713	0.863294643513589	neither	prev_10	mi_aracne	/src/results/ngraph/abundance_thresholding/deep_modules/prev_10/mi_aracne/figures/vgae_taxon_embedding_enrichment_pca.png	/src/results/ngraph/abundance_thresholding/deep_modules/prev_10/mi_aracne/figures/vgae_site_embedding_mis_pca.png	4
S__GCA_017368835.1	6	4	143	61	0.641292911969256	0.496011985273638	86.2818791946309	416.984615384615	-2.27286463982992	0.669048936117441	neither	prev_10	mi_aracne	/src/results/ngraph/abundance_thresholding/deep_modules/prev_10/mi_aracne/figures/vgae_taxon_embedding_enrichment_pca.png	/src/results/ngraph/abundance_thresholding/deep_modules/prev_10/mi_aracne/figures/vgae_site_embedding_mis_pca.png	4
S__GCA_017854145.1	36	10	113	55	1.74791623118019	0.204851094558428	652.187919463087	445	0.551482381051766	0.379454302064948	neither	prev_10	mi_aracne	/src/results/ngraph/abundance_thresholding/deep_modules/prev_10/mi_aracne/figures/vgae_taxon_embedding_enrichment_pca.png	/src/results/ngraph/abundance_thresholding/deep_modules/prev_10/mi_aracne/figures/vgae_site_embedding_mis_pca.png	4
S__GCA_018673385.1	5	7	144	58	0.289654346381688	0.0480308570371853	77.5906040268457	196.338461538462	-1.33938894227038	0.134021584958598	neither	prev_10	mi_aracne	/src/results/ngraph/abundance_thresholding/deep_modules/prev_10/mi_aracne/figures/vgae_taxon_embedding_enrichment_pca.png	/src/results/ngraph/abundance_thresholding/deep_modules/prev_10/mi_aracne/figures/vgae_site_embedding_mis_pca.png	4
S__GCA_902512375.1	19	3	130	62	3.00789382183693	0.0877652225876316	305.073825503356	107.538461538462	1.50430565980642	0.207991554899456	neither	prev_10	mi_aracne	/src/results/ngraph/abundance_thresholding/deep_modules/prev_10/mi_aracne/figures/vgae_taxon_embedding_enrichment_pca.png	/src/results/ngraph/abundance_thresholding/deep_modules/prev_10/mi_aracne/figures/vgae_site_embedding_mis_pca.png	4
S__GCA_902514095.1	11	3	138	62	1.64385490807332	0.559295552198523	128.624161073825	86.5846153846154	0.570979051571745	0.70885124695276	neither	prev_10	mi_aracne	/src/results/ngraph/abundance_thresholding/deep_modules/prev_10/mi_aracne/figures/vgae_taxon_embedding_enrichment_pca.png	/src/results/ngraph/abundance_thresholding/deep_modules/prev_10/mi_aracne/figures/vgae_site_embedding_mis_pca.png	4
S__GCA_905181585.1	6	10	143	55	0.232623486011498	0.00822747824659776	96.3154362416108	480.723076923077	-2.31936711022048	0.0309424725361177	interglacial_enriched	prev_10	mi_aracne	/src/results/ngraph/abundance_thresholding/deep_modules/prev_10/mi_aracne/figures/vgae_taxon_embedding_enrichment_pca.png	/src/results/ngraph/abundance_thresholding/deep_modules/prev_10/mi_aracne/figures/vgae_site_embedding_mis_pca.png	4
S__GCA_905181595.1	44	16	105	49	1.28186837004763	0.511031102259132	756	728.584615384615	0.0532897025695185	0.669048936117441	neither	prev_10	mi_aracne	/src/results/ngraph/abundance_thresholding/deep_modules/prev_10/mi_aracne/figures/vgae_taxon_embedding_enrichment_pca.png	/src/results/ngraph/abundance_thresholding/deep_modules/prev_10/mi_aracne/figures/vgae_site_embedding_mis_pca.png	4
S__GCA_905181765.1	25	4	124	61	3.0613011680596	0.0490311041495887	363.953020134228	140.707692307692	1.37105102886281	0.134640968537759	neither	prev_10	mi_aracne	/src/results/ngraph/abundance_thresholding/deep_modules/prev_10/mi_aracne/figures/vgae_taxon_embedding_enrichment_pca.png	/src/results/ngraph/abundance_thresholding/deep_modules/prev_10/mi_aracne/figures/vgae_site_embedding_mis_pca.png	4
S__GCA_905182065.1	3	7	146	58	0.171881918878637	0.00973962375754028	38.744966442953	192.969230769231	-2.31628999643184	0.0351032272928014	interglacial_enriched	prev_10	mi_aracne	/src/results/ngraph/abundance_thresholding/deep_modules/prev_10/mi_aracne/figures/vgae_taxon_embedding_enrichment_pca.png	/src/results/ngraph/abundance_thresholding/deep_modules/prev_10/mi_aracne/figures/vgae_site_embedding_mis_pca.png	4
S__GCA_905182235.1	34	5	115	60	3.53039498615377	0.00723524329684621	533.489932885906	171.507692307692	1.63718775721279	0.028447661144418	glacial_enriched	prev_10	mi_aracne	/src/results/ngraph/abundance_thresholding/deep_modules/prev_10/mi_aracne/figures/vgae_taxon_embedding_enrichment_pca.png	/src/results/ngraph/abundance_thresholding/deep_modules/prev_10/mi_aracne/figures/vgae_site_embedding_mis_pca.png	4
S__GCA_905182435.1	4	9	145	56	0.173297561281025	0.00337429950194845	89.4026845637584	576.415384615385	-2.68871877005044	0.0162153837176967	interglacial_enriched	prev_10	mi_aracne	/src/results/ngraph/abundance_thresholding/deep_modules/prev_10/mi_aracne/figures/vgae_taxon_embedding_enrichment_pca.png	/src/results/ngraph/abundance_thresholding/deep_modules/prev_10/mi_aracne/figures/vgae_site_embedding_mis_pca.png	4
S__GCA_905182465.1	6	15	143	50	0.141406525916972	5.28304401125023e-05	162.859060402685	801.169230769231	-2.29848302387404	0.0012813274765547	interglacial_enriched	prev_10	mi_aracne	/src/results/ngraph/abundance_thresholding/deep_modules/prev_10/mi_aracne/figures/vgae_taxon_embedding_enrichment_pca.png	/src/results/ngraph/abundance_thresholding/deep_modules/prev_10/mi_aracne/figures/vgae_site_embedding_mis_pca.png	4
S__GCA_905182765.1	4	9	145	56	0.173297561281025	0.00337429950194845	69.0805369127517	357.261538461538	-2.37062938884928	0.0162153837176967	interglacial_enriched	prev_10	mi_aracne	/src/results/ngraph/abundance_thresholding/deep_modules/prev_10/mi_aracne/figures/vgae_taxon_embedding_enrichment_pca.png	/src/results/ngraph/abundance_thresholding/deep_modules/prev_10/mi_aracne/figures/vgae_site_embedding_mis_pca.png	4
S__GCA_905182775.1	11	7	138	58	0.661817253751701	0.428630952031001	226.557046979866	238.323076923077	-0.0730442886534272	0.612835989267464	neither	prev_10	mi_aracne	/src/results/ngraph/abundance_thresholding/deep_modules/prev_10/mi_aracne/figures/vgae_taxon_embedding_enrichment_pca.png	/src/results/ngraph/abundance_thresholding/deep_modules/prev_10/mi_aracne/figures/vgae_site_embedding_mis_pca.png	4
S__GCA_905182795.1	22	4	127	61	2.63164396565163	0.109577459081848	367.946308724832	152.769230769231	1.26814125628917	0.236961255264497	neither	prev_10	mi_aracne	/src/results/ngraph/abundance_thresholding/deep_modules/prev_10/mi_aracne/figures/vgae_taxon_embedding_enrichment_pca.png	/src/results/ngraph/abundance_thresholding/deep_modules/prev_10/mi_aracne/figures/vgae_site_embedding_mis_pca.png	4
S__GCA_905182815.1	88	16	61	49	4.38650987094053	3.34782081356021e-06	2317	870.076923076923	1.41304318348893	0.000193057666915306	glacial_enriched	prev_10	mi_aracne	/src/results/ngraph/abundance_thresholding/deep_modules/prev_10/mi_aracne/figures/vgae_taxon_embedding_enrichment_pca.png	/src/results/ngraph/abundance_thresholding/deep_modules/prev_10/mi_aracne/figures/vgae_site_embedding_mis_pca.png	4
S__GCA_905182865.1	43	4	106	61	6.1455007819001	0.000124024551410314	1237.10738255034	310.492307692308	1.99434129822073	0.00215323456376082	glacial_enriched	prev_10	mi_aracne	/src/results/ngraph/abundance_thresholding/deep_modules/prev_10/mi_aracne/figures/vgae_taxon_embedding_enrichment_pca.png	/src/results/ngraph/abundance_thresholding/deep_modules/prev_10/mi_aracne/figures/vgae_site_embedding_mis_pca.png	4
S__GCA_905182885.1	29	3	120	62	4.96625964111954	0.00582389227563589	445.557046979866	135.2	1.72051500024977	0.0245739844801222	glacial_enriched	prev_10	mi_aracne	/src/results/ngraph/abundance_thresholding/deep_modules/prev_10/mi_aracne/figures/vgae_taxon_embedding_enrichment_pca.png	/src/results/ngraph/abundance_thresholding/deep_modules/prev_10/mi_aracne/figures/vgae_site_embedding_mis_pca.png	4
S__GCA_905478185.1	19	19	130	46	0.355797490850865	0.00597305644081156	407.557046979866	1397.4	-1.77767112594099	0.0246033039109619	interglacial_enriched	prev_10	mi_aracne	/src/results/ngraph/abundance_thresholding/deep_modules/prev_10/mi_aracne/figures/vgae_taxon_embedding_enrichment_pca.png	/src/results/ngraph/abundance_thresholding/deep_modules/prev_10/mi_aracne/figures/vgae_site_embedding_mis_pca.png	4
S__GCA_905478445.1	5	5	144	60	0.418581156420214	0.175753021116545	74.2080536912752	207.276923076923	-1.48191181818314	0.347863141140363	neither	prev_10	mi_aracne	/src/results/ngraph/abundance_thresholding/deep_modules/prev_10/mi_aracne/figures/vgae_taxon_embedding_enrichment_pca.png	/src/results/ngraph/abundance_thresholding/deep_modules/prev_10/mi_aracne/figures/vgae_site_embedding_mis_pca.png	4
S__GCA_905478615.1	17	6	132	59	1.26510424082237	0.811225214280388	230.41610738255	187.261538461538	0.299186955653124	0.89962796199043	neither	prev_10	mi_aracne	/src/results/ngraph/abundance_thresholding/deep_modules/prev_10/mi_aracne/figures/vgae_taxon_embedding_enrichment_pca.png	/src/results/ngraph/abundance_thresholding/deep_modules/prev_10/mi_aracne/figures/vgae_site_embedding_mis_pca.png	4
S__GCA_905480095.1	6	12	143	53	0.187041357242357	0.000994795788995299	95.7852348993289	687.446153846154	-2.84337151215601	0.00782271234073576	interglacial_enriched	prev_10	mi_aracne	/src/results/ngraph/abundance_thresholding/deep_modules/prev_10/mi_aracne/figures/vgae_taxon_embedding_enrichment_pca.png	/src/results/ngraph/abundance_thresholding/deep_modules/prev_10/mi_aracne/figures/vgae_site_embedding_mis_pca.png	4
S__GCA_905480315.1	3	10	146	55	0.114353389944082	0.000490426565072834	51.7785234899329	397.476923076923	-2.94044534663082	0.00424218978788002	interglacial_enriched	prev_10	mi_aracne	/src/results/ngraph/abundance_thresholding/deep_modules/prev_10/mi_aracne/figures/vgae_taxon_embedding_enrichment_pca.png	/src/results/ngraph/abundance_thresholding/deep_modules/prev_10/mi_aracne/figures/vgae_site_embedding_mis_pca.png	4
S__GCA_905612275.1	39	12	110	53	1.56277912690498	0.295141885678442	896.657718120805	778.215384615385	0.20438786746569	0.481693832286513	neither	prev_10	mi_aracne	/src/results/ngraph/abundance_thresholding/deep_modules/prev_10/mi_aracne/figures/vgae_taxon_embedding_enrichment_pca.png	/src/results/ngraph/abundance_thresholding/deep_modules/prev_10/mi_aracne/figures/vgae_site_embedding_mis_pca.png	4
S__GCA_905612295.1	103	19	46	46	5.37387531215091	8.54981241077132e-08	3978.71140939597	1351.61538461538	1.55761658110522	7.39558773531719e-06	glacial_enriched	prev_10	mi_aracne	/src/results/ngraph/abundance_thresholding/deep_modules/prev_10/mi_aracne/figures/vgae_taxon_embedding_enrichment_pca.png	/src/results/ngraph/abundance_thresholding/deep_modules/prev_10/mi_aracne/figures/vgae_site_embedding_mis_pca.png	4
S__GCA_905612305.1	17	7	132	58	1.06678408007889	1	304.657718120805	224.830769230769	0.438349798802558	1	neither	prev_10	mi_aracne	/src/results/ngraph/abundance_thresholding/deep_modules/prev_10/mi_aracne/figures/vgae_taxon_embedding_enrichment_pca.png	/src/results/ngraph/abundance_thresholding/deep_modules/prev_10/mi_aracne/figures/vgae_site_embedding_mis_pca.png	4
S__GCA_905612365.1	20	1	129	64	9.85909658085995	0.0052884612234004	451.805369127517	17.3230769230769	4.70493422604808	0.0228725947912067	glacial_enriched	prev_10	mi_aracne	/src/results/ngraph/abundance_thresholding/deep_modules/prev_10/mi_aracne/figures/vgae_taxon_embedding_enrichment_pca.png	/src/results/ngraph/abundance_thresholding/deep_modules/prev_10/mi_aracne/figures/vgae_site_embedding_mis_pca.png	4
S__GCA_905612455.1	75	23	74	42	1.8454865099269	0.0525744322447197	2217.26845637584	1574.52307692308	0.493868552785717	0.139928873512869	neither	prev_10	mi_aracne	/src/results/ngraph/abundance_thresholding/deep_modules/prev_10/mi_aracne/figures/vgae_taxon_embedding_enrichment_pca.png	/src/results/ngraph/abundance_thresholding/deep_modules/prev_10/mi_aracne/figures/vgae_site_embedding_mis_pca.png	4
S__GCA_905616395.1	11	1	138	64	5.07554831580065	0.111764884146479	167.302013422819	33.7076923076923	2.31130500746087	0.238707715522726	neither	prev_10	mi_aracne	/src/results/ngraph/abundance_thresholding/deep_modules/prev_10/mi_aracne/figures/vgae_taxon_embedding_enrichment_pca.png	/src/results/ngraph/abundance_thresholding/deep_modules/prev_10/mi_aracne/figures/vgae_site_embedding_mis_pca.png	4
S__GCA_905618915.1	31	7	118	58	2.16966191706418	0.0834100074122272	663.597315436242	251.692307692308	1.39864692134064	0.200415712254379	neither	prev_10	mi_aracne	/src/results/ngraph/abundance_thresholding/deep_modules/prev_10/mi_aracne/figures/vgae_taxon_embedding_enrichment_pca.png	/src/results/ngraph/abundance_thresholding/deep_modules/prev_10/mi_aracne/figures/vgae_site_embedding_mis_pca.png	4
S__GCA_905620445.1	10	0	139	65	Inf	0.0340834120867237	123.41610738255	0	26.8789554677429	0.101662591224193	neither	prev_10	mi_aracne	/src/results/ngraph/abundance_thresholding/deep_modules/prev_10/mi_aracne/figures/vgae_taxon_embedding_enrichment_pca.png	/src/results/ngraph/abundance_thresholding/deep_modules/prev_10/mi_aracne/figures/vgae_site_embedding_mis_pca.png	4
S__GCF_002836475.1	9	1	140	64	4.09439212190798	0.288777752644896	94.6375838926175	24	1.9793787912914	0.475795725786353	neither	prev_10	mi_aracne	/src/results/ngraph/abundance_thresholding/deep_modules/prev_10/mi_aracne/figures/vgae_taxon_embedding_enrichment_pca.png	/src/results/ngraph/abundance_thresholding/deep_modules/prev_10/mi_aracne/figures/vgae_site_embedding_mis_pca.png	4
S__GCF_003326015.1	3	10	146	55	0.114353389944082	0.000490426565072834	55.6510067114094	407.907692307692	-2.8737630004153	0.00424218978788002	interglacial_enriched	prev_10	mi_aracne	/src/results/ngraph/abundance_thresholding/deep_modules/prev_10/mi_aracne/figures/vgae_taxon_embedding_enrichment_pca.png	/src/results/ngraph/abundance_thresholding/deep_modules/prev_10/mi_aracne/figures/vgae_site_embedding_mis_pca.png	4
S__GCF_012276695.1	67	21	82	44	1.70770556753187	0.0973174796930928	1468.41610738255	1088.66153846154	0.43170535024324	0.224478986492067	neither	prev_10	mi_aracne	/src/results/ngraph/abundance_thresholding/deep_modules/prev_10/mi_aracne/figures/vgae_taxon_embedding_enrichment_pca.png	/src/results/ngraph/abundance_thresholding/deep_modules/prev_10/mi_aracne/figures/vgae_site_embedding_mis_pca.png	4
S__GCF_013407165.1	16	9	133	56	0.749572742638983	0.497424170202505	282.335570469799	435.153846153846	-0.624114645599283	0.669048936117441	neither	prev_10	mi_aracne	/src/results/ngraph/abundance_thresholding/deep_modules/prev_10/mi_aracne/figures/vgae_taxon_embedding_enrichment_pca.png	/src/results/ngraph/abundance_thresholding/deep_modules/prev_10/mi_aracne/figures/vgae_site_embedding_mis_pca.png	4
S__GCF_014279835.1	6	7	143	58	0.349610200293806	0.0679404421541489	110.651006711409	246.692307692308	-1.15669614638614	0.172848477833349	neither	prev_10	mi_aracne	/src/results/ngraph/abundance_thresholding/deep_modules/prev_10/mi_aracne/figures/vgae_taxon_embedding_enrichment_pca.png	/src/results/ngraph/abundance_thresholding/deep_modules/prev_10/mi_aracne/figures/vgae_site_embedding_mis_pca.png	4
S__IMGVR_UViG_3300006310_000001	9	2	140	63	2.01923914177232	0.510309178480771	128.825503355705	60.8	1.08327498818622	0.669048936117441	neither	prev_10	mi_aracne	/src/results/ngraph/abundance_thresholding/deep_modules/prev_10/mi_aracne/figures/vgae_taxon_embedding_enrichment_pca.png	/src/results/ngraph/abundance_thresholding/deep_modules/prev_10/mi_aracne/figures/vgae_site_embedding_mis_pca.png	4
S__IMGVR_UViG_3300006467_000165	10	8	139	57	0.514330874906706	0.187647557193029	311.738255033557	1085.58461538462	-1.80006506562421	0.360700304382156	neither	prev_10	mi_aracne	/src/results/ngraph/abundance_thresholding/deep_modules/prev_10/mi_aracne/figures/vgae_taxon_embedding_enrichment_pca.png	/src/results/ngraph/abundance_thresholding/deep_modules/prev_10/mi_aracne/figures/vgae_site_embedding_mis_pca.png	4
S__IMGVR_UViG_3300009440_000004	14	0	135	65	Inf	0.00646838771654321	378.476510067114	0	28.4956285258396	0.0260239784874878	glacial_enriched	prev_10	mi_aracne	/src/results/ngraph/abundance_thresholding/deep_modules/prev_10/mi_aracne/figures/vgae_taxon_embedding_enrichment_pca.png	/src/results/ngraph/abundance_thresholding/deep_modules/prev_10/mi_aracne/figures/vgae_site_embedding_mis_pca.png	4
S__IMGVR_UViG_3300009443_000008	17	3	132	62	2.65154059732801	0.1333535015401	357.818791946309	156	1.19768312261056	0.274644711505206	neither	prev_10	mi_aracne	/src/results/ngraph/abundance_thresholding/deep_modules/prev_10/mi_aracne/figures/vgae_taxon_embedding_enrichment_pca.png	/src/results/ngraph/abundance_thresholding/deep_modules/prev_10/mi_aracne/figures/vgae_site_embedding_mis_pca.png	4
S__IMGVR_UViG_3300020166_000001	14	1	135	64	6.59973256627836	0.0421286193806927	220.10067114094	32.6461538461538	2.7531785686185	0.121470852547664	neither	prev_10	mi_aracne	/src/results/ngraph/abundance_thresholding/deep_modules/prev_10/mi_aracne/figures/vgae_taxon_embedding_enrichment_pca.png	/src/results/ngraph/abundance_thresholding/deep_modules/prev_10/mi_aracne/figures/vgae_site_embedding_mis_pca.png	4
S__IMGVR_UViG_3300020166_000015	38	5	111	60	4.08583196891908	0.00266908483399524	551.234899328859	173.492307692308	1.66779552599168	0.0144297398837868	glacial_enriched	prev_10	mi_aracne	/src/results/ngraph/abundance_thresholding/deep_modules/prev_10/mi_aracne/figures/vgae_taxon_embedding_enrichment_pca.png	/src/results/ngraph/abundance_thresholding/deep_modules/prev_10/mi_aracne/figures/vgae_site_embedding_mis_pca.png	4
S__IMGVR_UViG_3300020182_000036	18	4	131	61	2.08908829938783	0.228201496176653	518.288590604027	229.107692307692	1.1777297336037	0.411238112901677	neither	prev_10	mi_aracne	/src/results/ngraph/abundance_thresholding/deep_modules/prev_10/mi_aracne/figures/vgae_taxon_embedding_enrichment_pca.png	/src/results/ngraph/abundance_thresholding/deep_modules/prev_10/mi_aracne/figures/vgae_site_embedding_mis_pca.png	4
S__IMGVR_UViG_3300020185_000065	9	1	140	64	4.09439212190798	0.288777752644896	154.369127516779	46.4923076923077	1.73132029094326	0.475795725786353	neither	prev_10	mi_aracne	/src/results/ngraph/abundance_thresholding/deep_modules/prev_10/mi_aracne/figures/vgae_taxon_embedding_enrichment_pca.png	/src/results/ngraph/abundance_thresholding/deep_modules/prev_10/mi_aracne/figures/vgae_site_embedding_mis_pca.png	4
S__IMGVR_UViG_3300021087_000038	9	1	140	64	4.09439212190798	0.288777752644896	154.422818791946	44.3230769230769	1.80075598733731	0.475795725786353	neither	prev_10	mi_aracne	/src/results/ngraph/abundance_thresholding/deep_modules/prev_10/mi_aracne/figures/vgae_taxon_embedding_enrichment_pca.png	/src/results/ngraph/abundance_thresholding/deep_modules/prev_10/mi_aracne/figures/vgae_site_embedding_mis_pca.png	4
S__IMGVR_UViG_3300023238_000017	9	1	140	64	4.09439212190798	0.288777752644896	176.328859060403	49.9230769230769	1.8204898334841	0.475795725786353	neither	prev_10	mi_aracne	/src/results/ngraph/abundance_thresholding/deep_modules/prev_10/mi_aracne/figures/vgae_taxon_embedding_enrichment_pca.png	/src/results/ngraph/abundance_thresholding/deep_modules/prev_10/mi_aracne/figures/vgae_site_embedding_mis_pca.png	4
S__IMGVR_UViG_3300023239_000003	11	2	138	63	2.50197772184076	0.352313696474434	325.38255033557	140.784615384615	1.20864718997481	0.532164605083277	neither	prev_10	mi_aracne	/src/results/ngraph/abundance_thresholding/deep_modules/prev_10/mi_aracne/figures/vgae_taxon_embedding_enrichment_pca.png	/src/results/ngraph/abundance_thresholding/deep_modules/prev_10/mi_aracne/figures/vgae_site_embedding_mis_pca.png	4
S__IMGVR_UViG_3300024520_000070	13	5	136	60	1.14635697727165	1	724.308724832215	372.692307692308	0.95861970946475	1	neither	prev_10	mi_aracne	/src/results/ngraph/abundance_thresholding/deep_modules/prev_10/mi_aracne/figures/vgae_taxon_embedding_enrichment_pca.png	/src/results/ngraph/abundance_thresholding/deep_modules/prev_10/mi_aracne/figures/vgae_site_embedding_mis_pca.png	4
S__IMGVR_UViG_3300025071_000006	12	2	137	63	2.74856361869167	0.23632439302879	190.174496644295	68.9230769230769	1.46426475902745	0.417184897897762	neither	prev_10	mi_aracne	/src/results/ngraph/abundance_thresholding/deep_modules/prev_10/mi_aracne/figures/vgae_taxon_embedding_enrichment_pca.png	/src/results/ngraph/abundance_thresholding/deep_modules/prev_10/mi_aracne/figures/vgae_site_embedding_mis_pca.png	4
S__IMGVR_UViG_3300025079_000001	16	7	133	58	0.996792689129435	1	365.61744966443	433.661538461538	-0.246234568395412	1	neither	prev_10	mi_aracne	/src/results/ngraph/abundance_thresholding/deep_modules/prev_10/mi_aracne/figures/vgae_taxon_embedding_enrichment_pca.png	/src/results/ngraph/abundance_thresholding/deep_modules/prev_10/mi_aracne/figures/vgae_site_embedding_mis_pca.png	4
S__IMGVR_UViG_3300025296_001443	10	2	139	63	2.25889429513768	0.353751038061138	250.892617449664	72.1230769230769	1.79853715399636	0.532164605083277	neither	prev_10	mi_aracne	/src/results/ngraph/abundance_thresholding/deep_modules/prev_10/mi_aracne/figures/vgae_taxon_embedding_enrichment_pca.png	/src/results/ngraph/abundance_thresholding/deep_modules/prev_10/mi_aracne/figures/vgae_site_embedding_mis_pca.png	4
S__IMGVR_UViG_3300025632_000006	9	3	140	62	1.32693917467938	1	279.718120805369	98.0769230769231	1.51198808467619	1	neither	prev_10	mi_aracne	/src/results/ngraph/abundance_thresholding/deep_modules/prev_10/mi_aracne/figures/vgae_taxon_embedding_enrichment_pca.png	/src/results/ngraph/abundance_thresholding/deep_modules/prev_10/mi_aracne/figures/vgae_site_embedding_mis_pca.png	4
S__IMGVR_UViG_3300025637_000035	18	3	131	62	2.82836931207161	0.132394441785713	475.026845637584	206.123076923077	1.2045030104227	0.274644711505206	neither	prev_10	mi_aracne	/src/results/ngraph/abundance_thresholding/deep_modules/prev_10/mi_aracne/figures/vgae_taxon_embedding_enrichment_pca.png	/src/results/ngraph/abundance_thresholding/deep_modules/prev_10/mi_aracne/figures/vgae_site_embedding_mis_pca.png	4
S__IMGVR_UViG_3300025653_000044	16	5	133	60	1.44128460252794	0.62074396465258	386.563758389262	190.384615384615	1.02178948074843	0.761622027552456	neither	prev_10	mi_aracne	/src/results/ngraph/abundance_thresholding/deep_modules/prev_10/mi_aracne/figures/vgae_taxon_embedding_enrichment_pca.png	/src/results/ngraph/abundance_thresholding/deep_modules/prev_10/mi_aracne/figures/vgae_site_embedding_mis_pca.png	4
S__IMGVR_UViG_3300025860_000061	17	0	132	65	Inf	0.00201908458203344	356.738255033557	0	28.4102906954824	0.0112677946029608	glacial_enriched	prev_10	mi_aracne	/src/results/ngraph/abundance_thresholding/deep_modules/prev_10/mi_aracne/figures/vgae_taxon_embedding_enrichment_pca.png	/src/results/ngraph/abundance_thresholding/deep_modules/prev_10/mi_aracne/figures/vgae_site_embedding_mis_pca.png	4
S__IMGVR_UViG_3300025869_000017	21	11	128	54	0.806258891344841	0.67725802715045	696.268456375839	754.338461538462	-0.115568321211041	0.81365026872936	neither	prev_10	mi_aracne	/src/results/ngraph/abundance_thresholding/deep_modules/prev_10/mi_aracne/figures/vgae_taxon_embedding_enrichment_pca.png	/src/results/ngraph/abundance_thresholding/deep_modules/prev_10/mi_aracne/figures/vgae_site_embedding_mis_pca.png	4
S__IMGVR_UViG_3300027687_000007	56	9	93	56	3.72596819418626	0.00037922294556944	1142.27516778524	781.630769230769	0.547351063413291	0.00424218978788002	glacial_enriched	prev_10	mi_aracne	/src/results/ngraph/abundance_thresholding/deep_modules/prev_10/mi_aracne/figures/vgae_taxon_embedding_enrichment_pca.png	/src/results/ngraph/abundance_thresholding/deep_modules/prev_10/mi_aracne/figures/vgae_site_embedding_mis_pca.png	4
S__IMGVR_UViG_3300027780_000015	30	12	119	53	1.11291649625744	0.853018901358941	1003.12080536913	2685.83076923077	-1.42087304485315	0.916597949907434	neither	prev_10	mi_aracne	/src/results/ngraph/abundance_thresholding/deep_modules/prev_10/mi_aracne/figures/vgae_taxon_embedding_enrichment_pca.png	/src/results/ngraph/abundance_thresholding/deep_modules/prev_10/mi_aracne/figures/vgae_site_embedding_mis_pca.png	4
S__IMGVR_UViG_3300027813_000042	26	4	123	61	3.20914523425918	0.0319751242057359	1083.43624161074	306.846153846154	1.82002684711392	0.0970473067998652	glacial_enriched	prev_10	mi_aracne	/src/results/ngraph/abundance_thresholding/deep_modules/prev_10/mi_aracne/figures/vgae_taxon_embedding_enrichment_pca.png	/src/results/ngraph/abundance_thresholding/deep_modules/prev_10/mi_aracne/figures/vgae_site_embedding_mis_pca.png	4
S__IMGVR_UViG_3300027833_000016	20	3	129	62	3.19017718166236	0.0587257126049623	342.187919463087	170.892307692308	1.00170136485465	0.153932549706947	neither	prev_10	mi_aracne	/src/results/ngraph/abundance_thresholding/deep_modules/prev_10/mi_aracne/figures/vgae_taxon_embedding_enrichment_pca.png	/src/results/ngraph/abundance_thresholding/deep_modules/prev_10/mi_aracne/figures/vgae_site_embedding_mis_pca.png	4
S__IMGVR_UViG_3300027833_000046	13	7	136	58	0.792939286182353	0.618049796095467	260.469798657718	337.830769230769	-0.375184629393752	0.761622027552456	neither	prev_10	mi_aracne	/src/results/ngraph/abundance_thresholding/deep_modules/prev_10/mi_aracne/figures/vgae_taxon_embedding_enrichment_pca.png	/src/results/ngraph/abundance_thresholding/deep_modules/prev_10/mi_aracne/figures/vgae_site_embedding_mis_pca.png	4
S__IMGVR_UViG_3300027861_000023	11	4	138	61	1.21448222556272	1	173.221476510067	113.123076923077	0.614724539534922	1	neither	prev_10	mi_aracne	/src/results/ngraph/abundance_thresholding/deep_modules/prev_10/mi_aracne/figures/vgae_taxon_embedding_enrichment_pca.png	/src/results/ngraph/abundance_thresholding/deep_modules/prev_10/mi_aracne/figures/vgae_site_embedding_mis_pca.png	4
S__IMGVR_UViG_3300028198_000003	15	2	134	63	3.51019514361979	0.101849736128557	364.906040268456	93.6153846153846	1.96270747571195	0.228831225327797	neither	prev_10	mi_aracne	/src/results/ngraph/abundance_thresholding/deep_modules/prev_10/mi_aracne/figures/vgae_taxon_embedding_enrichment_pca.png	/src/results/ngraph/abundance_thresholding/deep_modules/prev_10/mi_aracne/figures/vgae_site_embedding_mis_pca.png	4
S__IMGVR_UViG_3300028535_000001	24	6	125	59	1.88293049939442	0.206177482046851	824.959731543624	366.061538461539	1.17223749734717	0.379454302064948	neither	prev_10	mi_aracne	/src/results/ngraph/abundance_thresholding/deep_modules/prev_10/mi_aracne/figures/vgae_taxon_embedding_enrichment_pca.png	/src/results/ngraph/abundance_thresholding/deep_modules/prev_10/mi_aracne/figures/vgae_site_embedding_mis_pca.png	4
S__IMGVR_UViG_3300031519_000018	14	9	135	56	0.646673079925623	0.344087234392758	322.771812080537	1066.13846153846	-1.72380831532208	0.532164605083277	neither	prev_10	mi_aracne	/src/results/ngraph/abundance_thresholding/deep_modules/prev_10/mi_aracne/figures/vgae_taxon_embedding_enrichment_pca.png	/src/results/ngraph/abundance_thresholding/deep_modules/prev_10/mi_aracne/figures/vgae_site_embedding_mis_pca.png	4
S__IMGVR_UViG_3300031687_001020	16	2	133	63	3.77163702871264	0.104596690959669	208.684563758389	85.8923076923077	1.28072304150729	0.231990096615677	neither	prev_10	mi_aracne	/src/results/ngraph/abundance_thresholding/deep_modules/prev_10/mi_aracne/figures/vgae_taxon_embedding_enrichment_pca.png	/src/results/ngraph/abundance_thresholding/deep_modules/prev_10/mi_aracne/figures/vgae_site_embedding_mis_pca.png	4
S__IMGVR_UViG_3300031688_001339	8	2	141	63	1.78293330915181	0.726871011374101	89.8657718120805	69.8307692307692	0.363908855234085	0.844740935297905	neither	prev_10	mi_aracne	/src/results/ngraph/abundance_thresholding/deep_modules/prev_10/mi_aracne/figures/vgae_taxon_embedding_enrichment_pca.png	/src/results/ngraph/abundance_thresholding/deep_modules/prev_10/mi_aracne/figures/vgae_site_embedding_mis_pca.png	4
S__IMGVR_UViG_3300035195_000275	16	7	133	58	0.996792689129435	1	518.328859060403	469.092307692308	0.143995877469527	1	neither	prev_10	mi_aracne	/src/results/ngraph/abundance_thresholding/deep_modules/prev_10/mi_aracne/figures/vgae_taxon_embedding_enrichment_pca.png	/src/results/ngraph/abundance_thresholding/deep_modules/prev_10/mi_aracne/figures/vgae_site_embedding_mis_pca.png	4
S__IMGVR_UViG_3300037585_000783	6	4	143	61	0.641292911969256	0.496011985273638	231.080536912752	231.184615384615	-0.000649642294524669	0.669048936117441	neither	prev_10	mi_aracne	/src/results/ngraph/abundance_thresholding/deep_modules/prev_10/mi_aracne/figures/vgae_taxon_embedding_enrichment_pca.png	/src/results/ngraph/abundance_thresholding/deep_modules/prev_10/mi_aracne/figures/vgae_site_embedding_mis_pca.png	4
S__IMGVR_UViG_3300038315_000065	22	6	127	59	1.69952082817371	0.378146894057066	1235.19463087248	566.784615384615	1.12386588140749	0.559140279246773	neither	prev_10	mi_aracne	/src/results/ngraph/abundance_thresholding/deep_modules/prev_10/mi_aracne/figures/vgae_taxon_embedding_enrichment_pca.png	/src/results/ngraph/abundance_thresholding/deep_modules/prev_10/mi_aracne/figures/vgae_site_embedding_mis_pca.png	4
S__IMGVR_UViG_3300046168_000044	7	6	142	59	0.486546649861098	0.221059462427572	157.208053691275	182.446153846154	-0.214795608420967	0.402560915789158	neither	prev_10	mi_aracne	/src/results/ngraph/abundance_thresholding/deep_modules/prev_10/mi_aracne/figures/vgae_taxon_embedding_enrichment_pca.png	/src/results/ngraph/abundance_thresholding/deep_modules/prev_10/mi_aracne/figures/vgae_site_embedding_mis_pca.png	4
S__IMGVR_UViG_3300046532_001046	9	2	140	63	2.01923914177232	0.510309178480771	147.389261744966	58	1.34550659821682	0.669048936117441	neither	prev_10	mi_aracne	/src/results/ngraph/abundance_thresholding/deep_modules/prev_10/mi_aracne/figures/vgae_taxon_embedding_enrichment_pca.png	/src/results/ngraph/abundance_thresholding/deep_modules/prev_10/mi_aracne/figures/vgae_site_embedding_mis_pca.png	4
S__IMGVR_UViG_3300047157_000078	23	7	126	58	1.50972738337576	0.402116071300447	975.503355704698	392.953846153846	1.3117869607819	0.584588910377961	neither	prev_10	mi_aracne	/src/results/ngraph/abundance_thresholding/deep_modules/prev_10/mi_aracne/figures/vgae_taxon_embedding_enrichment_pca.png	/src/results/ngraph/abundance_thresholding/deep_modules/prev_10/mi_aracne/figures/vgae_site_embedding_mis_pca.png	4
S__IMGVR_UViG_3300049783_000307	10	1	139	64	4.58070751222616	0.1789584945751	508.993288590604	141.307692307692	1.84880662297801	0.347863141140363	neither	prev_10	mi_aracne	/src/results/ngraph/abundance_thresholding/deep_modules/prev_10/mi_aracne/figures/vgae_taxon_embedding_enrichment_pca.png	/src/results/ngraph/abundance_thresholding/deep_modules/prev_10/mi_aracne/figures/vgae_site_embedding_mis_pca.png	4
S__IMGVR_UViG_GVMAG-M-3300025652-16_000001	23	9	126	56	1.13516171456101	0.837493486696552	522.348993288591	755.784615384615	-0.532961124367746	0.911235051562915	neither	prev_10	mi_aracne	/src/results/ngraph/abundance_thresholding/deep_modules/prev_10/mi_aracne/figures/vgae_taxon_embedding_enrichment_pca.png	/src/results/ngraph/abundance_thresholding/deep_modules/prev_10/mi_aracne/figures/vgae_site_embedding_mis_pca.png	4
S__IMGVR_UViG_GVMAG-S-1102114-126_000001	20	2	129	63	4.85759020856791	0.0258232927676409	273.429530201342	60.6923076923077	2.17158346083918	0.0825174266700793	glacial_enriched	prev_10	mi_aracne	/src/results/ngraph/abundance_thresholding/deep_modules/prev_10/mi_aracne/figures/vgae_taxon_embedding_enrichment_pca.png	/src/results/ngraph/abundance_thresholding/deep_modules/prev_10/mi_aracne/figures/vgae_site_embedding_mis_pca.png	4
S__IMGVR_UViG_GVMAG-S-ERX556030-34_000001	3	9	146	56	0.129288154482734	0.00137777208411148	57.9597315436242	316.107692307692	-2.44729330475082	0.00851266323397452	interglacial_enriched	prev_10	mi_aracne	/src/results/ngraph/abundance_thresholding/deep_modules/prev_10/mi_aracne/figures/vgae_taxon_embedding_enrichment_pca.png	/src/results/ngraph/abundance_thresholding/deep_modules/prev_10/mi_aracne/figures/vgae_site_embedding_mis_pca.png	4
S__IMGVR_UViG_GVMAG-S-ERX556043-36_000001	14	2	135	63	3.25259235532604	0.156872327263124	299.342281879195	73.0769230769231	2.03430826262743	0.319234365437609	neither	prev_10	mi_aracne	/src/results/ngraph/abundance_thresholding/deep_modules/prev_10/mi_aracne/figures/vgae_taxon_embedding_enrichment_pca.png	/src/results/ngraph/abundance_thresholding/deep_modules/prev_10/mi_aracne/figures/vgae_site_embedding_mis_pca.png	4
S__Phycodnaviridae_HM004430_Bathycoccus_sp_RCC1105_virus_BpV2	17	7	132	58	1.06678408007889	1	280.140939597315	230.923076923077	0.278740478442393	1	neither	prev_10	mi_aracne	/src/results/ngraph/abundance_thresholding/deep_modules/prev_10/mi_aracne/figures/vgae_taxon_embedding_enrichment_pca.png	/src/results/ngraph/abundance_thresholding/deep_modules/prev_10/mi_aracne/figures/vgae_site_embedding_mis_pca.png	4
S__Schulz_GVMAG_M_3300025652_16	26	13	123	52	0.846217811555156	0.70148841006636	642.496644295302	853.969230769231	-0.410495169454397	0.831215718777263	neither	prev_10	mi_aracne	/src/results/ngraph/abundance_thresholding/deep_modules/prev_10/mi_aracne/figures/vgae_taxon_embedding_enrichment_pca.png	/src/results/ngraph/abundance_thresholding/deep_modules/prev_10/mi_aracne/figures/vgae_site_embedding_mis_pca.png	4
S__Schulz_GVMAG_S_1024967_63	12	0	137	65	Inf	0.0197292052194263	153.214765100671	0	27.1909801030565	0.0669245588815832	glacial_enriched	prev_10	mi_aracne	/src/results/ngraph/abundance_thresholding/deep_modules/prev_10/mi_aracne/figures/vgae_taxon_embedding_enrichment_pca.png	/src/results/ngraph/abundance_thresholding/deep_modules/prev_10/mi_aracne/figures/vgae_site_embedding_mis_pca.png	4
S__Schulz_GVMAG_S_1102104_120	10	3	139	62	1.48425720405231	0.758501652104425	157.751677852349	119.092307692308	0.405575115978722	0.863294643513589	neither	prev_10	mi_aracne	/src/results/ngraph/abundance_thresholding/deep_modules/prev_10/mi_aracne/figures/vgae_taxon_embedding_enrichment_pca.png	/src/results/ngraph/abundance_thresholding/deep_modules/prev_10/mi_aracne/figures/vgae_site_embedding_mis_pca.png	4
S__Schulz_GVMAG_S_1102114_126	10	3	139	62	1.48425720405231	0.758501652104425	132.812080536913	76.7076923076923	0.791943207018554	0.863294643513589	neither	prev_10	mi_aracne	/src/results/ngraph/abundance_thresholding/deep_modules/prev_10/mi_aracne/figures/vgae_taxon_embedding_enrichment_pca.png	/src/results/ngraph/abundance_thresholding/deep_modules/prev_10/mi_aracne/figures/vgae_site_embedding_mis_pca.png	4
S__TARA_ARC_108_MAG_00021	32	5	117	60	3.26680673288646	0.0173346447117845	872.751677852349	313.876923076923	1.47537225969709	0.0599778707027743	glacial_enriched	prev_10	mi_aracne	/src/results/ngraph/abundance_thresholding/deep_modules/prev_10/mi_aracne/figures/vgae_taxon_embedding_enrichment_pca.png	/src/results/ngraph/abundance_thresholding/deep_modules/prev_10/mi_aracne/figures/vgae_site_embedding_mis_pca.png	4
S__TARA_ARC_108_MAG_00099	23	3	126	62	3.7542388396913	0.0244198688169199	363.570469798658	138.153846153846	1.39595929130048	0.0797101378363612	glacial_enriched	prev_10	mi_aracne	/src/results/ngraph/abundance_thresholding/deep_modules/prev_10/mi_aracne/figures/vgae_taxon_embedding_enrichment_pca.png	/src/results/ngraph/abundance_thresholding/deep_modules/prev_10/mi_aracne/figures/vgae_site_embedding_mis_pca.png	4
S__TARA_ARC_108_MAG_00146	15	3	134	62	2.30573664284585	0.283877718094486	262.832214765101	128.584615384615	1.0314240681983	0.475795725786353	neither	prev_10	mi_aracne	/src/results/ngraph/abundance_thresholding/deep_modules/prev_10/mi_aracne/figures/vgae_taxon_embedding_enrichment_pca.png	/src/results/ngraph/abundance_thresholding/deep_modules/prev_10/mi_aracne/figures/vgae_site_embedding_mis_pca.png	4
S__TARA_ARC_108_MAG_00181	4	11	145	54	0.136879260899703	0.000478374558769474	76.1409395973154	503.630769230769	-2.72562213253623	0.00424218978788002	interglacial_enriched	prev_10	mi_aracne	/src/results/ngraph/abundance_thresholding/deep_modules/prev_10/mi_aracne/figures/vgae_taxon_embedding_enrichment_pca.png	/src/results/ngraph/abundance_thresholding/deep_modules/prev_10/mi_aracne/figures/vgae_site_embedding_mis_pca.png	4
S__TARA_ARC_NCLDV_00033	15	4	134	61	1.70322120747167	0.44086343226748	232.718120805369	150.646153846154	0.627419708594579	0.620076209611984	neither	prev_10	mi_aracne	/src/results/ngraph/abundance_thresholding/deep_modules/prev_10/mi_aracne/figures/vgae_taxon_embedding_enrichment_pca.png	/src/results/ngraph/abundance_thresholding/deep_modules/prev_10/mi_aracne/figures/vgae_site_embedding_mis_pca.png	4
S__TARA_ARC_NCLDV_00036	5	9	144	56	0.217861336500097	0.0122935240965009	82.4093959731544	480.569230769231	-2.5438635240841	0.0434036667080542	interglacial_enriched	prev_10	mi_aracne	/src/results/ngraph/abundance_thresholding/deep_modules/prev_10/mi_aracne/figures/vgae_taxon_embedding_enrichment_pca.png	/src/results/ngraph/abundance_thresholding/deep_modules/prev_10/mi_aracne/figures/vgae_site_embedding_mis_pca.png	4
S__TARA_ARC_NCLDV_00127	6	10	143	55	0.232623486011498	0.00822747824659776	101.671140939597	475.646153846154	-2.22597846870913	0.0309424725361177	interglacial_enriched	prev_10	mi_aracne	/src/results/ngraph/abundance_thresholding/deep_modules/prev_10/mi_aracne/figures/vgae_taxon_embedding_enrichment_pca.png	/src/results/ngraph/abundance_thresholding/deep_modules/prev_10/mi_aracne/figures/vgae_site_embedding_mis_pca.png	4
S__TARA_ARC_NCLDV_00176	11	3	138	62	1.64385490807332	0.559295552198523	140	210.584615384615	-0.588973211061932	0.70885124695276	neither	prev_10	mi_aracne	/src/results/ngraph/abundance_thresholding/deep_modules/prev_10/mi_aracne/figures/vgae_taxon_embedding_enrichment_pca.png	/src/results/ngraph/abundance_thresholding/deep_modules/prev_10/mi_aracne/figures/vgae_site_embedding_mis_pca.png	4
S__TARA_ARC_NCLDV_00188	23	16	126	49	0.560636274599921	0.125048311205606	559.657718120805	716.061538461539	-0.355538820819932	0.26382143705573	neither	prev_10	mi_aracne	/src/results/ngraph/abundance_thresholding/deep_modules/prev_10/mi_aracne/figures/vgae_taxon_embedding_enrichment_pca.png	/src/results/ngraph/abundance_thresholding/deep_modules/prev_10/mi_aracne/figures/vgae_site_embedding_mis_pca.png	4
S__TARA_SOC_28_MAG_00007	8	2	141	63	1.78293330915181	0.726871011374101	110.234899328859	70.2615384615385	0.649773960839243	0.844740935297905	neither	prev_10	mi_aracne	/src/results/ngraph/abundance_thresholding/deep_modules/prev_10/mi_aracne/figures/vgae_taxon_embedding_enrichment_pca.png	/src/results/ngraph/abundance_thresholding/deep_modules/prev_10/mi_aracne/figures/vgae_site_embedding_mis_pca.png	4
S__TARA_SOC_28_MAG_00016	17	4	132	61	1.95853822622545	0.319839775855538	241.013422818792	165.676923076923	0.540740828896512	0.507635607550533	neither	prev_10	mi_aracne	/src/results/ngraph/abundance_thresholding/deep_modules/prev_10/mi_aracne/figures/vgae_taxon_embedding_enrichment_pca.png	/src/results/ngraph/abundance_thresholding/deep_modules/prev_10/mi_aracne/figures/vgae_site_embedding_mis_pca.png	4
S__TARA_SOC_NCLDV_00026	121	19	28	46	10.3123272127772	4.93702177812595e-13	4155.63087248322	1228.46153846154	1.75821482097223	8.54104767615789e-11	glacial_enriched	prev_10	mi_aracne	/src/results/ngraph/abundance_thresholding/deep_modules/prev_10/mi_aracne/figures/vgae_taxon_embedding_enrichment_pca.png	/src/results/ngraph/abundance_thresholding/deep_modules/prev_10/mi_aracne/figures/vgae_site_embedding_mis_pca.png	4
